"","site.year","MxDAT","MnDAT","MxDMT","MnDMT","MnDNT","NDNT","MxWMT","MxWAT","CDD","WAT5","WAT25","WAT50","WAT75","WAT95","MA7d_DMT","MA7d_DAT","DELTA_MAX","SIGMA_MN","SIGMA_MIN","SIGMA_MAX","CV_MN","CV_MIN","CV_MAX","RNG","SUM_13","SUM_18","SUM_20","SUM7d_13","SUM7d_18","SUM_event13","SUM_event18","SUM_MA7d_13","SUM_MA7d_18","SUM_MA7d_20","DUR_mx13","DUR_mn13","DUR_mx18","DUR_mn18","DUR_mx20","DUR_mn20","MxDMT_jd","MA7d_DMT_jd","WDMT_jd","D_RNG","site","year"
"1","Anchor_2004",18.584375,14.6553188521951,9.30797839905936,6.99071208357682,1.95499858219084,0.840777713377062,7.7982155736109,16.9029017871429,1201.73614588,11.6536160707143,13.7539211321429,15.44919643,16.1149702385714,16.8593452392857,7.7982155736109,18.06671131,7.37230125142102,4.29929214391601,0.182394872266206,0.954315320616003,0.141482656908526,0.218453931745089,0.13974122054328,8.4672006856823,0,0,0,0,0,0,0,0,0,0,0,0,0,0,0,0,NA,NA,NA,5.03571350138598,"Anchor","2004"
"2","Anchor_2005",17.48416667,14.259419118,9.49766158983416,6.98005316591425,1.98816329974011,0.845043343607089,7.60477828284591,16.4057738085714,1212.05062503,12.5517485128571,13.5442038692857,14.1462053571429,15.4828348228571,16.2639062492857,7.63701182912217,16.9772023814286,7.57037362958644,2.79087122493778,0.178053810286523,1.02349868599509,0.117156952119281,0.212238214404402,0.144938884372758,8.65261824622707,0,0,0,0,0,0,0,0,0,0,0,0,0,0,0,0,NA,NA,NA,4.99188986617414,"Anchor","2005"
"3","Anchor_2006",14.97364583,11.7996384803882,9.64916688109488,7.10903778085584,1.97523320426815,0.803951439654768,7.45461920195021,14.0890327385714,1002.969270833,9.8776413685,10.7379315483571,12.3822619042857,13.2285416671429,13.826636905,7.66905779473022,14.0890327385714,8.64352881898358,2.87411251326159,0.344888107495591,0.990537965433667,0.143675653524288,0.297317677733047,0.139998937813142,8.84521544144011,0,0,0,0,0,0,0,0,0,0,0,0,0,0,0,0,NA,NA,NA,5.1338045765877,"Anchor","2006"
"4","Anchor_2007",16.438125,12.4025477935882,8.89565477419858,6.95318790256919,2.08973558225373,0.868297638133057,7.59358821139453,14.0233630957143,1054.216562455,10.1162532244262,11.9177752960714,12.6557514871429,13.7308072907143,13.9877031252143,7.59358821139453,14.9292559528571,6.85652283447706,4.1715874425688,0.23536340887652,1.01127851426814,0.164679585973688,0.23215504999746,0.144627681526122,8.02735713606552,0,0,0,0,0,0,0,0,0,0,0,0,0,0,0,0,NA,NA,NA,4.86345232031546,"Anchor","2007"
"5","Anchor_2009",16.61383333,11.9774194854471,10.8102766807107,6.91754040000653,1.98461611136557,0.426477076039656,7.27953655325542,15.7679806542857,1018.080656263,8.63011809240357,11.5781242567857,12.0056956842857,12.21955134,15.3590491069286,7.62479901111873,15.85954613,8.96858133113617,4.48535666462252,0.305102654008628,1.39769235352898,0.176821565486125,0.278321322924799,0.170904733108243,10.383799604671,0,0,0,0,0,0,0,0,0,0,0,0,0,0,0,0,NA,NA,NA,4.93292428864096,"Anchor","2009"
"6","Anchor_2011",15.39640625,11.8889602938706,9.02484204541817,6.99553137881835,2.04520510844618,0.916568429177052,7.76140290803786,14.0775803571429,1010.561624979,9.55220907664286,11.8921346735714,12.3432306528571,12.9400215764286,13.7550290178571,7.80328632144607,14.1931309528571,7.79014601311663,2.96703740212754,0.232983407324631,0.936187462669983,0.144883067998122,0.236007403763444,0.13831226755967,8.10827361624112,0,0,0,0,0,0,0,0,0,0,0,0,0,0,0,0,NA,NA,NA,4.95032627037216,"Anchor","2011"
"7","Anchor_2012",15.10204167,11.0626687745357,9.67574079585182,6.81290407337468,1.99285975898505,1.00213935412058,7.40904901317819,13.3844613085714,929.264177061,8.74871056535714,10.4615721728571,11.2740104175714,12.2040870523571,12.9498251485714,7.51602833318363,13.47922619,7.65610438751467,3.3747543193947,0.258123857496685,1.18908004845972,0.166058523265889,0.254939620890227,0.160056483857392,8.67360144173124,0,0,0,0,0,0,0,0,0,0,0,0,0,0,0,0,NA,NA,NA,4.82004431438963,"Anchor","2012"
"8","Anchor_2013",16.99951042,12.4834189953059,9.02134699449252,6.95666269556431,2.00160835763201,0.717799447248257,7.54244562583265,15.9502872028571,1061.090614601,9.16708169545,11.4680472464286,12.3339516385714,13.6007946421429,15.8903985875714,7.60890331671948,16.3813750014286,7.35029204879354,7.20385570652645,0.271334489993156,1.28579710364319,0.21500519579919,0.260239607357535,0.162999125778604,8.30354754724426,0,0,0,0,0,0,0,0,0,0,0,0,0,0,0,0,NA,NA,NA,4.9550543379323,"Anchor","2013"
"9","Anchor_2014",15.90846875,12.5765346814941,10.0557423688819,6.97029872334924,2.00034807010106,0.887447491430031,7.4735268113273,14.7558139871429,1069.005447927,10.1566080353357,11.0172332588571,12.7992708342857,13.9087131685714,14.549880729,7.87961523069679,15.1616264885714,8.07594283369536,3.46390257024189,0.242628670274712,1.28324649258369,0.147986412207779,0.246243903746962,0.162518816887643,9.16829487745183,0,0,0,0,0,0,0,0,0,0,0,0,0,0,0,0,NA,NA,NA,4.96995065324819,"Anchor","2014"
"10","Beaver_2008",14.1378125,11.6635130205,8.77249285346043,7.04990904087952,1.97672383781119,0.497985199116783,7.32906148022193,12.6362648814286,466.54052082,11.3382142845714,11.38875,11.6936755942857,11.9668898814286,12.5023898814286,7.61442756436276,13.0554910728571,7.28867730524681,0.767039268838876,0.244082686496391,0.877633203252675,0.0750895359931576,0.249932358698173,0.132884096839547,8.27450765434365,0,0,0,0,0,0,0,0,0,0,0,0,0,0,0,0,NA,NA,NA,5.07318520306833,"Beaver","2008"
"11","Beaver_2009",12.68072917,11.5954727567436,9.32133393302204,7.26171619722715,2.00229984907834,1.02030732874832,7.78159855108875,12.0953125014286,452.223437513,10.8633839280571,11.5275744042857,11.74154762,11.9925595242857,12.074761906,7.83950929892919,12.1885565485714,7.81941367815438,0.425220587681614,0.174881640315157,1.04888128857951,0.0562365515647245,0.208854094780039,0.141034023917352,8.30102660427372,0,0,0,0,0,0,0,0,0,0,0,0,0,0,0,0,NA,NA,NA,5.25941634814881,"Beaver","2009"
"12","Beaver_2010",13.71708333,11.7411805552051,9.02705600379976,6.89668735494894,1.89419502709644,0.706189853152244,7.48532316974914,13.08455357,457.906041653,11.2294851205714,11.2996875,11.9734077371429,11.9874255942857,12.8651279748571,7.48532316974914,13.08455357,7.01898812130556,0.888631926322228,0.310843771459165,0.939611213971392,0.0802877319124432,0.294338039400275,0.140550876061737,8.32086615064751,0,0,0,0,0,0,0,0,0,0,0,0,0,0,0,0,NA,NA,NA,5.0024923278525,"Beaver","2010"
"13","Beaver_2011",13.653125,12.0304620723077,9.40122210197122,7.17326626949766,1.94213814429131,0.89529800502528,7.62427811214269,12.6697619028571,469.18802082,11.722729168,11.91186012,12.18205357,12.4915922614286,12.6341279745714,7.69348459608056,13.1180654742857,7.04644403652191,0.629214822799461,0.196473787536731,0.98524366158562,0.0659351751578304,0.228229716424271,0.13837412025642,8.50592409694594,0,0,0,0,0,0,0,0,0,0,0,0,0,0,0,0,NA,NA,NA,5.23112812520634,"Beaver","2011"
"14","Beaver_2012",14.5678125,12.559098958,8.78152447478717,7.07062317233161,1.97857273335278,1.08364159355875,7.23244813148804,13.4999826383333,502.36395832,11.3439341503571,11.7782477664286,12.9166517864286,13.1709486610714,13.4383612348214,7.54895507815313,13.7906696442857,7.00261874042377,1.17110733690392,0.181998573059128,0.773603887862315,0.0861667809026258,0.215616489886294,0.124394629130491,7.69788288122843,0,0,0,0,0,0,0,0,0,0,0,0,0,0,0,0,NA,NA,NA,5.09205043897883,"Beaver","2012"
"15","Beaver_2013",15.77145833,13.1280662392308,8.36630860884751,6.67108962914063,2.05814680724695,1.08497815384126,7.18383727737224,15.0328422628571,511.99458333,11.6320863085714,12.4093005942857,12.6371428585714,12.7704315471429,14.5803601197143,7.35195615299243,15.4690773814286,6.46473861029557,2.06587240059397,0.242494760755984,0.907072490188204,0.109484083570548,0.239262606865957,0.142765812815841,7.28133045500624,0,0,0,0,0,0,0,0,0,0,0,0,0,0,0,0,NA,NA,NA,4.61294282189368,"Beaver","2013"
"16","Chuitna_2015",19.00733333,15.5226207260513,9.1061893617618,7.11679689630877,2.05237708090279,0.274748788246432,7.60549965426084,18.62725595,605.382208316,13.5619821425714,14.4115059528571,15.8400476185714,16.36327381,18.174459522,7.62183936176719,18.62725595,7.99039535189734,5.76641655231397,0.510509662925051,1.32108237435348,0.154699161438671,0.348132707102915,0.16150291943242,8.83144057351536,0,0,0,0,0,0,0,0,0,0,0,0,0,0,0,0,NA,NA,NA,5.06441981540598,"Chuitna","2015"
"17","Chuitna_2008",15.73,12.69825,9.39057669996185,6.95838328918471,2.04740985789573,1.03223714565833,7.28767491727542,13.2385714285714,507.93,12.61,12.7471428571429,13.0171428571429,13.1728571428571,13.2254285714286,7.55854386854013,13.8957142857143,7.96348185843667,1.34733275641026,0.277640981482644,0.99876199897597,0.0914099688914077,0.257357598587653,0.143622558036118,8.35833955430352,0,0,0,0,0,0,0,0,0,0,0,0,0,0,0,0,NA,NA,NA,4.91097343128899,"Chuitna","2008"
"18","Chuitna_2010",14.2,11.6746153846154,8.39082051104259,6.59531746610983,1.95233211783276,0.814943267025693,6.90060281656349,12.9957142857143,455.31,11.1454285714286,11.1557142857143,11.5085714285714,12.1857142857143,12.8337142857143,7.13068640080197,13.0842857142857,7.5758772440169,0.962657085020243,0.247560261777421,0.731317772955673,0.0840413894477034,0.254851249788669,0.129663386108409,7.5758772440169,0,0,0,0,0,0,0,0,0,0,0,0,0,0,0,0,NA,NA,NA,4.64298534827706,"Chuitna","2010"
"19","Chuitna_2011",16.4509375,12.6813242517949,8.54688133441627,6.97801793899784,2.03169314870414,0.800608796672357,7.35181233788513,14.5276249985714,494.57164582,11.620313692,12.0069553571429,13.0193139871429,13.3287976185714,14.2878595225714,7.69400934255794,15.4677589271429,7.25231254961059,2.90946340148659,0.294155328531051,0.60674544779987,0.134506057095803,0.26695019588995,0.111627495709599,7.74627253774392,0,0,0,0,0,0,0,0,0,0,0,0,0,0,0,0,NA,NA,NA,4.9463247902937,"Chuitna","2011"
"20","Deception_2008",12.41495833,10.4062289128537,9.18945599237245,7.24389674927201,1.84911104178185,0.712184458644616,7.76681955072211,10.7733055561667,426.655385427,9.50965885407143,10.5014296879286,10.6800081842857,10.70722507525,10.7585881703393,8.30495957938479,11.1448705342857,8.13321344797735,0.770580701396073,0.25895047564264,1.36498115481156,0.0843559438350192,0.275198057816866,0.161283922171895,8.47727153372783,0,0,0,0,0,0,0,0,0,0,0,0,0,0,0,0,NA,NA,NA,5.39478570749016,"Deception","2008"
"21","Deception_2009",15.3424375,12.2178602646341,8.87028368106197,7.03870900351935,1.91119894182993,0.60126918654888,7.27216827458614,12.4386994057143,500.93227085,11.3553327391429,11.8305922614286,12.2547023814286,12.4212619057143,12.4352119057143,7.66028076056182,13.9862142857143,7.89578026553181,1.4247129379621,0.250158088973879,0.827440688457329,0.0976941436279077,0.261698587751814,0.129233595013202,8.26901449451309,0,0,0,0,0,0,0,0,0,0,0,0,0,0,0,0,NA,NA,NA,5.12751006168942,"Deception","2009"
"22","Deception_2010",13.7355625,11.4973175814634,9.1145349462097,7.06852638647675,1.90863710968717,0.67719019713378,7.30667361993009,12.4276517857143,471.39002084,10.791564882,11.0345982157143,11.1641666657143,11.5431845242857,12.2507583334286,7.43326591815737,12.5813244057143,7.58450603208666,0.867087466373842,0.246429245236512,1.2781299279251,0.080990657857672,0.26008946412601,0.159940562303476,8.43734474907592,0,0,0,0,0,0,0,0,0,0,0,0,0,0,0,0,NA,NA,NA,5.15988927678958,"Deception","2010"
"23","Deception_2011",13.85172917,10.806070122,9.01933253963338,7.03277571028891,2.05027943420237,1.11174130706966,7.27446187050248,12.1672068457143,443.048875002,9.30320446445714,9.66931994057143,11.0358497018571,11.9418244057143,12.1221303577143,7.682159181811,12.6011860114286,7.38885454867395,2.22717745466866,0.203833559408651,0.86297811665827,0.138105072255447,0.220203789622407,0.132090968489735,7.90759123256371,0,0,0,0,0,0,0,0,0,0,0,0,0,0,0,0,NA,NA,NA,4.98249627608654,"Deception","2011"
"24","Deep_2002",15.08,12.5845161290323,9.04969151122701,6.84754370669869,1.97627954488661,0.661958235113294,7.10262586870801,14.37,780.24,10.6557142857143,11.6885714285714,12.9842857142857,13.4585714285714,14.178,7.4616774057323,14.4071428571429,6.86543903071534,2.18429730301428,0.205193872090454,1.10568351174688,0.117440895211329,0.229210135475213,0.153560884054854,8.38773327611371,0,0,0,0,0,0,0,0,0,0,0,0,0,0,0,0,NA,NA,NA,4.87126416181209,"Deep","2002"
"25","Deep_2003",18.02,14.035,9.22955904834575,6.82177106323663,1.84788146445688,0.386383547527503,7.13750098543423,16.2471428571429,870.17,11.2265714285714,13.3010714285714,14.6107142857143,15.3917857142857,16.0306428571429,7.84134692467229,16.4457142857143,7.81557219637039,4.19253032786885,0.276808116018261,1.20524889766693,0.145890055489036,0.284718246651584,0.16093156362993,8.84317550081825,0,0,0,0,0,0,0,0,0,0,0,0,0,0,0,0,NA,NA,NA,4.97388959877976,"Deep","2003"
"26","Deep_2004",18.28635417,14.7937020504762,10.1539714169837,7.04311450655848,2.05030881644189,0.74213665698377,7.52747219844187,16.7184672628571,932.00322918,13.1572269351429,13.8675558042857,15.4063020828571,15.8263802082143,16.6071547628571,7.72623918619302,17.7650000014286,7.26277403099742,2.68645955131594,0.199158423813771,1.22364112396543,0.110793245726461,0.217660719810962,0.15705880290242,9.41183475999995,0,0,0,0,0,0,0,0,0,0,0,0,0,0,0,0,NA,NA,NA,4.99280569011659,"Deep","2004"
"27","Deep_2005",17.31,14.0237096774194,9.91922880714949,7.26332798544232,1.98584020667348,0.756258320790682,7.53171692914576,15.6957142857143,869.47,12.3348571428571,13.2746428571429,14.3135714285714,15.1632142857143,15.6642142857143,7.94301252660999,16.5185714285714,7.79237292733036,2.41762371760973,0.176421862763828,1.17673637444236,0.110874440551377,0.211510485527432,0.149349555153767,9.16297048635881,0,0,0,0,0,0,0,0,0,0,0,0,0,0,0,0,NA,NA,NA,5.27748777876884,"Deep","2005"
"28","Deep_2006",15.34,11.9966129032258,9.78138713385586,6.73943709603157,2.0218004683862,1.06521155124725,7.17192820284186,13.9157142857143,743.79,10.2702142857143,11.5510714285714,12.3907142857143,13.0085714285714,13.7377142857143,7.44880819067207,13.9157142857143,8.4819843869254,2.64700309360127,0.216252157691593,1.03402914107666,0.135618388278075,0.230007465214027,0.150883852746458,8.71617558260861,0,0,0,0,0,0,0,0,0,0,0,0,0,0,0,0,NA,NA,NA,4.71763662764537,"Deep","2006"
"29","Deep_2007",16.46,12.6717741935484,9.54460486023111,6.8692844537848,2.03712022023939,0.893940285891027,7.18054833024913,13.9042857142857,785.65,11.4295238095238,12,12.4385714285714,13.3485714285714,13.8865714285714,7.76221236154106,14.9614285714286,7.73521885055655,2.10259516129032,0.239518927206366,1.20112922762279,0.114430133596052,0.240244392323165,0.159545061893998,8.65066457434009,0,0,0,0,0,0,0,0,0,0,0,0,0,0,0,0,NA,NA,NA,4.83216423354542,"Deep","2007"
"30","Deep_2008",13.77,10.937619047619,9.38332796196972,6.94462326405591,2.05994784968241,1.10709170781511,7.47093555545674,11.9857142857143,689.07,10.2431428571429,10.38,10.7971428571429,11.4333333333333,11.9251428571429,7.7728673326732,12.48,7.68089000832214,1.09512165898618,0.264697372326737,1.19241737146541,0.0956771854609646,0.249757529143988,0.157240876604717,8.27623625415461,0,0,0,0,0,0,0,0,0,0,0,0,0,0,0,0,NA,NA,NA,4.8846754143735,"Deep","2008"
"31","Deep_2009",17.38313542,12.8805040320968,9.39503334179611,6.9449996404965,1.95147688723803,1.07248330508025,7.70039456987827,16.3702157742857,798.59124999,11.0724952390714,11.9746688989286,12.3763802085714,13.33036979,15.9574626487857,7.70039456987827,16.4774791671429,8.32255003671586,3.40349094135467,0.205112200920446,1.05992758888139,0.143228499318462,0.232077124821715,0.148240158508722,8.32255003671586,0,0,0,0,0,0,0,0,0,0,0,0,0,0,0,0,NA,NA,NA,4.99352275325847,"Deep","2009"
"32","Deep_2011",15.52989583,12.3117654568871,9.68392291802792,6.94633378388998,2.04035037184142,0.897094879134287,7.44608886800626,14.0899166657143,763.329458327,10.81915758965,12.1066871275,12.2993712807143,13.17481622,13.8602635407143,7.60010200943014,14.26904613,8.06381133482693,2.12918507447643,0.210175201998283,1.24560136245129,0.118518561895055,0.224691159430339,0.160669665375782,8.78682803889364,0,0,0,0,0,0,0,0,0,0,0,0,0,0,0,0,NA,NA,NA,4.90598341204855,"Deep","2011"
"33","Deshka_2008",16.16,14.31,9.17368491956429,6.95522371079123,2.01482918165666,0.63051232526856,7.4955823491077,15.0785714285714,686.88,13.6737142857143,14.0228571428571,14.31,14.5671428571429,14.9487142857143,7.56133401840271,15.1928571428571,7.04796287703708,0.786953191489362,0.285708664700489,1.03679759491972,0.0619918813607177,0.265291584362771,0.146398250615889,8.54317259429573,0,0,0,0,0,0,0,0,0,0,0,0,0,0,0,0,NA,NA,NA,4.94039452913457,"Deshka","2008"
"34","Deshka_2009",20.355625,14.825738498125,9.27493594555922,6.9659538638564,2.07254429354969,0.961220594994317,7.68996521915474,16.5584657742857,711.63544791,12.5462797617857,13.4036499260714,14.7884494042857,15.3160133917857,16.2529866071429,7.68996521915474,18.79769494,7.83616103533914,4.54461078876257,0.248092890141956,0.992192836140734,0.143791101951361,0.240327427831125,0.142993879757878,8.31371535056491,0,0,0,0,0,0,0,0,0,0,0,0,0,0,0,0,NA,NA,NA,4.89340957030671,"Deshka","2009"
"35","Deshka_2010",17.36052083,12.2600269103542,9.15178194201986,7.0952980286785,2.05316818610498,1.08874313936761,7.62277646157049,13.68011905,588.481291697,11.31710379575,11.5733783482143,11.6256696435714,12.5123247767857,13.4597775314286,7.79692882257633,14.7863377985714,7.45042426545054,2.08931387137002,0.219303814685865,0.910827874261157,0.117899081137526,0.228085967366887,0.134507813897439,8.06303880265225,0,0,0,0,0,0,0,0,0,0,0,0,0,0,0,0,NA,NA,NA,5.04212984257352,"Deshka","2010"
"36","Deshka_2014",17.74283333,15.7403671866667,9.34442622834836,7.13130564213164,1.86420469248888,1.09394854482663,7.57366572734545,16.76052976,755.53762496,13.7193898796429,15.4574226182143,16.173315475,16.4393199403571,16.6839523796429,7.98024470031804,17.3436547628571,7.27773018405084,2.53663957556545,0.157640771954999,0.971896908596001,0.101184624114932,0.212980910647834,0.1382423315921,8.25047768352173,0,0,0,0,0,0,0,0,0,0,0,0,0,0,0,0,NA,NA,NA,5.26710094964276,"Deshka","2014"
"37","EF Chulitna_2008",8.343583333,7.21789880948214,8.83059590944005,7.11771780459223,2.0343091549891,0.733353564500503,7.65452195813719,7.74469940471428,404.202333331,6.73068028272143,6.96212686003571,7.15243601185714,7.54887797610714,7.71957596726429,7.80443003430587,7.822485119,7.43324196743991,0.358697224795452,0.32098772454635,0.936149512879561,0.082976138324194,0.278501320371354,0.135935172373068,8.09724234493954,0,0,0,0,0,0,0,0,0,0,0,0,0,0,0,0,NA,NA,NA,5.08340864960313,"EF Chulitna","2008"
"38","EF Chulitna_2009",12.245,9.26129334082143,9.09620023554288,6.95735560064314,2.05640997459683,0.88127368059764,7.93146026618438,11.0894583314286,518.632427086,6.94614047607143,7.86253422592857,9.53832142914286,10.3437224714286,10.9189105644571,8.10017050209504,11.7508630942857,7.21491463657789,3.31640028667222,0.264480806015895,1.3144658281108,0.196635456975212,0.250084847078857,0.164789846352326,8.21492655494524,0,0,0,0,0,0,0,0,0,0,0,0,0,0,0,0,NA,NA,NA,4.90094562604631,"EF Chulitna","2009"
"39","EF Chulitna_2010",10.68416667,8.48190922633929,8.58685976097691,6.78256428362764,1.94870895273403,0.668627273851585,7.10375641060155,9.69267113157143,474.986916675,7.74502425597143,8.00546428564286,8.45713392857143,8.64613839292857,9.41362961354286,7.33781731507583,9.69267113157143,6.77124737840127,0.835077427979565,0.308805362424862,0.733975364890531,0.107738209106324,0.285164484786066,0.126312643184254,7.91823248712532,0,0,0,0,0,0,0,0,0,0,0,0,0,0,0,0,NA,NA,NA,4.83385533089361,"EF Chulitna","2010"
"40","EF Chulitna_2011",10.57,8.1177358490566,8.98663776582478,6.89705457547267,2.0467943731561,0.691910802614378,7.64515153129853,9.57714285714286,430.24,6.85571428571428,7.43214285714286,7.57714285714286,9.39428571428572,9.55014285714286,7.69331319287151,9.57714285714286,7.29208597551782,1.56785246734398,0.213355958798682,0.920727234848964,0.154247339384272,0.225672257821771,0.139123928431563,8.2947269632104,0,0,0,0,0,0,0,0,0,0,0,0,0,0,0,0,NA,NA,NA,4.85026020231657,"EF Chulitna","2011"
"41","EF Chulitna_2012",10.43,8.12625,8.97628793924985,7.12493655469082,1.97880993968773,0.849957705167172,7.70987453447089,9.58428571428571,455.07,7.09185714285714,7.69214285714286,8.50285714285714,8.78428571428572,9.37728571428571,7.89948959405082,9.86285714285714,7.14635095704968,1.43185659090909,0.237471341095551,0.776017604067113,0.147251450812665,0.246264334519523,0.123638801131366,8.12633023408268,0,0,0,0,0,0,0,0,0,0,0,0,0,0,0,0,NA,NA,NA,5.14612661500309,"EF Chulitna","2012"
"42","Fish_2008",16.92,14.5471875,8.94067151189577,7.10716798427997,1.95944265887145,0.943622382570973,7.44367059430265,14.83,465.51,13.8723571428571,14.2760714285714,14.5778571428571,14.7410714285714,14.8122142857143,7.50720428504627,15.2771428571429,7.64447818522139,0.875304737903226,0.284856801763039,1.10226684553987,0.0643132716736115,0.272383463683967,0.147722548632353,7.9970491293248,0,0,0,0,0,0,0,0,0,0,0,0,0,0,0,0,NA,NA,NA,5.14772532540852,"Fish","2008"
"43","Fish_2009",15.72447917,14.3296780916129,9.18853151354752,7.01158753092829,2.04399842815402,0.84510441008716,7.34629827124071,15.2627797628571,444.22002084,13.4009858624286,13.9424412207143,14.4223467271429,14.8231793164286,15.1748596735714,7.46583589130821,15.3692142857143,7.14223605214678,0.814387733231874,0.239107167824507,0.768173921934631,0.062976595257932,0.239230055038911,0.125000980548084,8.34342710346036,0,0,0,0,0,0,0,0,0,0,0,0,0,0,0,0,NA,NA,NA,4.96758910277426,"Fish","2009"
"44","Fish_2010",15.82,14.5253571428571,9.86214274756396,7.18588888071375,1.80201404356175,0.962201959500445,6.86868623167534,14.82,406.71,14.4361428571429,14.5178571428571,14.62,14.72,14.8,7.73213365770512,15.1885714285714,8.89994078806351,0.783877645502646,0.214219561290266,1.65871611541567,0.0609533136282999,0.256845163123305,0.179227866423852,8.89994078806351,0,0,0,0,0,0,0,0,0,0,0,0,0,0,0,0,NA,NA,NA,5.383874837152,"Fish","2010"
"45","Fish_2011",15.5806875,13.9354297706452,9.4173392818266,6.9875480031197,2.01803238103468,1.08408418905279,7.51066636640885,14.3620148785714,431.99832289,13.63869940475,14.00940178375,14.164519839881,14.2143876482143,14.3324894325,7.74112891359774,14.8458095228571,7.40631975749102,0.78402100707798,0.26113499273383,1.24778361508436,0.0635394546044774,0.253223732254959,0.159861850110948,8.33325509277381,0,0,0,0,0,0,0,0,0,0,0,0,0,0,0,0,NA,NA,NA,4.96951562208502,"Fish","2011"
"46","Fish_2012",17.45103125,14.8694733071875,9.64712003801142,7.14188333238303,2.0061900010832,0.868856689082192,7.37602882345467,16.1693928585714,475.82314583,13.1771826263452,13.7164339650595,14.8968683028571,15.9318091517857,16.1218761172143,7.7703160670798,16.7664315485714,7.33769153907122,2.04072429204505,0.250296884324967,1.05843104904343,0.0960719446227991,0.24937657747613,0.144051748554192,8.77826334892922,0,0,0,0,0,0,0,0,0,0,0,0,0,0,0,0,NA,NA,NA,5.13569333129983,"Fish","2012"
"47","Fish_2013",19.02,15.5103225806452,9.1669253902978,7.09060511815158,1.96449252964121,1.04991618490186,7.44140665274713,16.2657142857143,480.82,14.0816428571429,14.4596428571429,15.2857142857143,16.0321428571429,16.219,7.75228434851906,17.5714285714286,7.72222462993452,2.29673655913978,0.242628757257997,1.22535809414764,0.0977090434074436,0.250738345143549,0.156116286443711,8.11700920539593,0,0,0,0,0,0,0,0,0,0,0,0,0,0,0,0,NA,NA,NA,5.12611258851037,"Fish","2013"
"48","Fish_2014",18.70969792,15.6733602158065,9.23623233054553,6.89521697842512,1.90167038003672,1.19161844728893,7.72097004213505,16.6211041671429,485.87416669,14.3331422627143,15.4013601192857,15.86212128,16.0636197921429,16.5096072921429,8.01133288229819,17.5018645842857,7.37051551725648,2.3466718855902,0.165661821312449,1.71616363376431,0.0977381400510405,0.214030651666071,0.189990292048847,8.0446138832566,0,0,0,0,0,0,0,0,0,0,0,0,0,0,0,0,NA,NA,NA,4.9935465983884,"Fish","2014"
"49","Fish_2015",19.56675,15.2080981185161,9.71433114529866,7.39621615761839,2.07929257799585,1.23368314748014,7.91835161239574,18.8601428571429,471.451041674,12.9697738841429,13.9665479921429,15.215351935,16.7516607139286,18.4384464285,8.09261996820331,18.9232648814286,7.91185124347868,8.28673563270574,0.173672069608499,1.2087960413108,0.189285277535419,0.200423843596458,0.148650686570283,8.48064799781852,0,0,0,0,0,0,0,0,0,0,0,0,0,0,0,0,NA,NA,NA,5.31692357962253,"Fish","2015"
"50","Little Willow_2008",12.55,10.328125,9.17780380590271,7.05246222351532,1.9989538661892,0.855256123287506,7.49453335462643,10.7042857142857,495.75,9.61942857142857,10.2364285714286,10.5,10.6467857142857,10.6905714285714,7.97625406933802,11.1785714285714,8.21418893665602,0.746019813829787,0.227381671053716,1.28955642498213,0.0836283822416286,0.238547547394747,0.161019845745646,8.3225476826152,0,0,0,0,0,0,0,0,0,0,0,0,0,0,0,0,NA,NA,NA,5.05350835732613,"Little Willow","2008"
"51","Little Willow_2009",16.21334375,12.3186306416667,9.08176744409334,7.22432086969049,2.08016666717417,1.06294471240622,7.52408591649151,13.0979672614286,591.2942708,10.6316257410714,11.3962369778571,12.5316480657143,12.9136629457143,13.0520829607143,7.77631641790838,14.5627336314286,6.73970920303144,2.25931418895696,0.2023075285737,1.02399766872993,0.122018556030588,0.216225987617613,0.140072363563542,8.01882273168712,0,0,0,0,0,0,0,0,0,0,0,0,0,0,0,0,NA,NA,NA,5.14415420251632,"Little Willow","2009"
"52","Little Willow_2010",13.81751042,11.1694375004792,9.54722815235059,7.15979713671988,1.91424885788843,0.607444855699107,7.62808706332717,12.0470372028571,536.133000023,10.5560777525,10.7372064740357,10.9633608637857,11.4562797628571,11.9386514142857,7.75310276300778,12.32664137,7.96243544981523,1.03228817538416,0.260344254457798,1.00420577447387,0.0909639213412156,0.266548106772671,0.139962161171804,8.93978329665148,0,0,0,0,0,0,0,0,0,0,0,0,0,0,0,0,NA,NA,NA,5.24554827883145,"Little Willow","2010"
"53","Little Willow_2011",14.2295625,10.8839537758125,9.41416347802723,7.00724043898532,2.02938642452742,0.847961189944338,7.95975020373258,12.51128125,522.429781239,9.60023660660714,10.0004170383571,10.6885059521429,11.9593883934643,12.4496078871429,8.02559997083154,12.5514092257143,8.56620228808289,2.21397635381791,0.235660238020849,1.18201012394608,0.136709847989049,0.23920949000036,0.15515421504809,8.56620228808289,0,0,0,0,0,0,0,0,0,0,0,0,0,0,0,0,NA,NA,NA,4.9778540144579,"Little Willow","2011"
"54","Little Willow_2012",13.87,11.6097916666667,10.0645238926981,7.12302999684191,2.03665296735412,1.01929115217757,7.61819683901561,12.8442857142857,557.27,10.9810714285714,11.6392857142857,12.0321428571429,12.1046428571429,12.6646428571429,8.0125550655776,13.3385714285714,7.60995782294708,2.01902335992908,0.287135499402605,1.27934780573899,0.122390087508441,0.263103369580461,0.158792337223029,9.04523274052055,0,0,0,0,0,0,0,0,0,0,0,0,0,0,0,0,NA,NA,NA,5.08637702948779,"Little Willow","2012"
"55","Little Willow_2013",17.74,13.459375,9.61880935400793,7.07779653739649,1.94322143937593,0.621248161756376,7.69622520918129,16.73,646.05,10.1322857142857,11.9242857142857,13.6971428571429,15.1336904761905,16.5187142857143,7.69622520918129,17.1828571428571,7.66836488808573,6.41132938829787,0.257166896445105,1.11583657018619,0.188126142932185,0.260966786944102,0.149245835438401,8.99756119225155,0,0,0,0,0,0,0,0,0,0,0,0,0,0,0,0,NA,NA,NA,5.13457509802056,"Little Willow","2013"
"56","Little Willow_2014",13.77896875,12.0914891495,9.02929463268146,7.11234261813907,1.89862967493457,0.912544810318284,7.55050509743264,12.5865684528571,580.391479176,11.0081811749643,12.1299360121429,12.2368385414286,12.4509631696429,12.5685435271429,7.55050509743264,13.1098839285714,7.18936965107734,1.33138088672626,0.189663909923766,0.68297234902833,0.0954270214533351,0.229378170850407,0.116195388165938,8.11674982236318,0,0,0,0,0,0,0,0,0,0,0,0,0,0,0,0,NA,NA,NA,5.2137129432045,"Little Willow","2014"
"57","Little Willow_2015",16.65498958,12.86035156275,9.17390247112664,6.80138408875092,2.07490744508286,0.884969443006312,7.32910441837743,15.7119895842857,617.296875012,10.8464646574286,12.0143634664286,13.3901316971429,14.2249914432143,15.3899434528571,7.64175331316372,15.7119895842857,7.35038994618291,4.27049132255367,0.265946684782811,1.33716958722872,0.160688975126276,0.248541297625063,0.170018407549311,8.28893302812032,0,0,0,0,0,0,0,0,0,0,0,0,0,0,0,0,NA,NA,NA,4.72647664366807,"Little Willow","2015"
"58","Montana_2008",12.27342708,10.65874587675,9.17250012907334,7.18099050940091,1.94950590082044,0.588601577933951,7.71284046980676,11.0048211816667,511.619802084,10.1238096727571,10.4795267855,10.8250848224286,10.9380654752857,10.9922935769095,7.92860254891598,11.2828720228571,7.65240952999136,0.432455351354482,0.268044709442493,0.90947008119121,0.0616970685753967,0.26557003193192,0.132803602343558,8.58389855113939,0,0,0,0,0,0,0,0,0,0,0,0,0,0,0,0,NA,NA,NA,5.23148460858047,"Montana","2008"
"59","Montana_2009",15.23129167,12.44771267375,9.30888335087111,6.88903007931667,2.03915847720269,1.135911580532,7.06466959091299,13.42823512,597.49020834,10.8204739585714,11.6325215767857,12.5824166664286,13.2041287210714,13.3915409235714,7.27235619464887,14.3109345228571,7.32836539711869,1.81084464974209,0.163307024761487,0.998723895055962,0.108106309566084,0.198176180627127,0.145065667058555,8.17297177033912,0,0,0,0,0,0,0,0,0,0,0,0,0,0,0,0,NA,NA,NA,4.84987160211398,"Montana","2009"
"60","Montana_2010",13.58385417,11.4960590283333,9.48365406783546,6.77536327910138,2.02420480794031,1.04066393225615,7.05706300676044,12.3717440485714,551.81083336,10.8777663689286,11.33353497,11.3859598221429,11.4537194946429,12.1456153282143,7.34744547336479,12.4143839285714,7.98473079355287,0.656965725430324,0.190285709511047,0.996001911758436,0.0705053984367476,0.215500675038432,0.147298220431157,8.44299013557931,0,0,0,0,0,0,0,0,0,0,0,0,0,0,0,0,NA,NA,NA,4.75115847116107,"Montana","2010"
"61","Montana_2011",14.068,11.3002921005417,9.6328439945096,7.07319895462854,1.99280464787856,0.719372625241149,7.49693110759572,12.4671071414286,542.414020826,10.2847477682143,10.5514308039286,11.2959985121429,12.2458273796429,12.4609084807143,7.59402301688338,12.72946726,7.62764301745112,1.3531049126205,0.207035594156008,1.18471035974973,0.102938080519276,0.228327268438041,0.153882849264174,8.91347136926845,0,0,0,0,0,0,0,0,0,0,0,0,0,0,0,0,NA,NA,NA,5.08039430674998,"Montana","2011"
"62","Moose (Su)_2008",16.88,12.6765079365079,9.02669502369221,6.76920301832524,1.95957141284738,0.893649520331568,7.22820214989673,13.805,798.62,11.9962857142857,12.2228571428571,12.6642857142857,12.9571428571429,13.6561428571429,7.46512953966588,14.5971428571429,7.32430025964362,1.20156825396825,0.246273754922004,1.2903923567445,0.0864718180680216,0.253249135150071,0.167812130671629,8.13304550336064,0,0,0,0,0,0,0,0,0,0,0,0,0,0,0,0,NA,NA,NA,4.80963160547787,"Moose (Su)","2008"
"63","Moose (Su)_2009",16.57,13.2986956521739,9.39885487143668,7.00431725677782,1.99615142814312,0.990371929650314,7.45759627205089,14.8185714285714,611.74,11.7185714285714,12.5585714285714,13.2835714285714,14.0364285714286,14.6392857142857,7.69083635427982,15.4757142857143,7.99811364808509,2.27411381642512,0.279272574100494,1.11018757928514,0.113395821419927,0.264740667911018,0.150429278698683,8.40848294178636,0,0,0,0,0,0,0,0,0,0,0,0,0,0,0,0,NA,NA,NA,5.0081658286347,"Moose (Su)","2009"
"64","Moose (Su)_2010",15.92,12.898064516129,8.86219504431796,6.98792997993634,2.04412375566139,1.00610275605257,7.36888782096628,14.4342857142857,799.68,11.8664285714286,12.1753571428571,12.4085714285714,13.8842857142857,14.2732857142857,7.45433992640217,14.8528571428571,7.2269795852816,1.41930766790058,0.172986476560798,1.06588105938626,0.0923663388238354,0.203469300049915,0.147742630708793,7.85609228826539,0,0,0,0,0,0,0,0,0,0,0,0,0,0,0,0,NA,NA,NA,4.94380622427495,"Moose (Su)","2010"
"65","Moose (Su)_2011",12.92,11.9360714285714,9.37434402382518,7.0339058718772,2.14109424667399,1.15332810938395,7.55405086990783,12.5328571428571,334.21,11.5451428571429,11.8285714285714,12.1828571428571,12.3578571428571,12.4978571428571,7.66115693177762,12.5457142857143,7.36720504776508,0.415054365079365,0.308216620541501,0.806484539667744,0.0539748052191808,0.25929386580765,0.127673707773642,8.22101591444123,0,0,0,0,0,0,0,0,0,0,0,0,0,0,0,0,NA,NA,NA,4.89281162520321,"Moose (Su)","2011"
"66","Moose (Su)_2012",15.89877083,13.158791997619,9.29175453252274,6.98323117131006,1.89034836335964,0.726454700331889,7.59773326561758,14.3487961314286,829.00389585,11.050895983,12.3255461328571,13.5647321428571,14.2930163685714,14.3371145834286,7.79377111525288,14.5624464285714,7.546434079006,2.24121200798759,0.286415943704767,1.12061140975106,0.11376939491668,0.283111003602263,0.151590191273966,8.56529983219085,0,0,0,0,0,0,0,0,0,0,0,0,0,0,0,0,NA,NA,NA,5.09288280795042,"Moose (Su)","2012"
"67","NF Campbell_2008",11.83083333,10.1080880376129,8.45524438210113,6.85057605865811,1.97467707501175,0.656009949745763,7.38498082480048,10.5710119067143,626.701458332,9.52842261891428,10.14407738,10.1716964275714,10.2586160722857,10.4461488108857,7.38498082480048,10.6981696442857,6.88627024534525,0.470557851056024,0.290773943509366,0.79681434632693,0.0678636940567952,0.273074821826472,0.130302119475199,7.79923443235537,0,0,0,0,0,0,0,0,0,0,0,0,0,0,0,0,NA,NA,NA,4.87589898364636,"NF Campbell","2008"
"68","NF Campbell_2009",15.82947917,12.4489077624194,9.38465628452736,7.06468722820964,2.03933938666623,0.948137448182917,7.76793199198496,15.0590133928571,771.83228127,10.8667549859286,11.4243582592857,12.0945186014286,12.8736465778571,14.9156842258571,7.90333247804917,15.2678556557143,7.54418673057653,2.38619049411753,0.229376197985684,0.956894666210851,0.124085577565815,0.234846811341621,0.138464718666329,8.43651883634444,0,0,0,0,0,0,0,0,0,0,0,0,0,0,0,0,NA,NA,NA,5.02534784154341,"NF Campbell","2009"
"69","NF Campbell_2010",12.58292708,11.0302913308871,9.56509088588049,7.00630046350627,1.99898111534569,0.920354788889556,7.73044749190097,11.7996116071429,683.878062515,10.3247601186643,10.8948690485714,10.9982008942857,11.6264985121429,11.7459892111429,8.04498284342447,12.1468854171429,7.95867421287207,0.580903976127023,0.29699664560044,1.22290786976108,0.0690979545377221,0.272625880247152,0.157836743490331,8.64473609699093,0,0,0,0,0,0,0,0,0,0,0,0,0,0,0,0,NA,NA,NA,5.00731934816059,"NF Campbell","2010"
"70","NF Campbell_2011",13.99,11.4183870967742,9.20649411315505,6.97682482787889,1.92959755092586,0.866674856781967,7.74779766660053,13.1428571428571,707.94,9.74942857142857,10.5089285714286,11.8278571428571,12.4735714285714,12.9093571428571,7.74779766660053,13.2285714285714,7.50345889546486,2.09788915917504,0.300683782126758,1.20050195144741,0.126848842131264,0.284176566657031,0.157044820033405,8.33981925637308,0,0,0,0,0,0,0,0,0,0,0,0,0,0,0,0,NA,NA,NA,5.04722727695302,"NF Campbell","2011"
"71","NF Campbell_2012",12.3454375,9.99798168703226,9.21190751667654,7.02621964132033,2.01518787768388,1.11584109754038,7.28160614580841,11.3391770828571,619.874864596,8.50730386885714,9.60039248535714,10.2860275307143,10.6795833330714,11.1088958331571,7.68966516900454,11.6302723214286,6.88891542257553,1.43486534342862,0.267113968131657,0.760271263019816,0.119810046335573,0.256467747515537,0.124097366628304,8.09606641913616,0,0,0,0,0,0,0,0,0,0,0,0,0,0,0,0,NA,NA,NA,5.01103176363644,"NF Campbell","2012"
"72","NF Campbell_2013",15.93,12.3553225806452,9.19986576581185,7.01935973929789,1.97067601252736,0.684788293928075,7.71614552002613,14.9542857142857,766.03,9.73885714285714,11.18,12.19,13.5371428571429,14.9382857142857,7.81994786991103,15.5042857142857,6.76914786858607,3.79398923849815,0.212349774614725,0.820443371398294,0.157649994025006,0.233835622303904,0.129040728110884,8.51507747188378,0,0,0,0,0,0,0,0,0,0,0,0,0,0,0,0,NA,NA,NA,5.04868372677053,"NF Campbell","2013"
"73","NF Campbell_2014",14.54932292,12.3189719424677,9.2737436373971,6.98438421152963,2.03775573219749,0.876375820024386,7.48170348649578,13.0552276771429,763.776260433,11.2171508939214,11.893476935,12.4028497028571,12.7930431546429,13.0509271571429,7.67604614748629,13.3382574414286,7.26310602774154,1.09657298865876,0.236853246124225,1.03855223434137,0.0850049675442069,0.238829267764848,0.145910333557593,8.39736781737271,0,0,0,0,0,0,0,0,0,0,0,0,0,0,0,0,NA,NA,NA,4.94662847933215,"NF Campbell","2014"
"74","NF Campbell_2015",15.88386458,13.4662763778548,9.73697025232025,6.76808065078202,2.01380262015474,1.06618274655272,7.35611091211275,15.7031413671429,834.909135427,11.4263013400786,13.3027630214286,13.8800364585714,14.4329888389286,15.3251028261429,7.50716616874989,15.7031413671429,7.9234310394515,2.99182187293848,0.241230663819095,1.1627325417727,0.128445928628142,0.243893010459807,0.159321500666563,8.67078750576752,0,0,0,0,0,0,0,0,0,0,0,0,0,0,0,0,NA,NA,NA,4.75427803062727,"NF Campbell","2015"
"75","Ninilchik_2002",15.75,12.758125,8.8818708752534,6.98218689897865,1.98914145413544,0.765540428797402,7.15087137536406,14.42,612.39,10.9135714285714,11.9935714285714,12.6657142857143,13.9566666666667,14.336,7.44116636643389,14.9942857142857,7.37410114617155,2.27526236702128,0.222139897460887,0.718202690261597,0.118230326494923,0.236945036325656,0.121375782832331,8.116330446456,0,0,0,0,0,0,0,0,0,0,0,0,0,0,0,0,NA,NA,NA,4.99304544484321,"Ninilchik","2002"
"76","Ninilchik_2003",17.86,13.5554166666667,9.48570963398239,7.18393057500689,1.97318033649421,0.613139297462181,7.46592495836988,15.2071428571429,650.66,11.1192857142857,11.9232142857143,13.765,14.6146428571429,15.1221428571429,7.73989061993539,15.8957142857143,8.13029487348884,4.07765514184397,0.348846784587839,0.814640220720247,0.148967790147764,0.299330232675088,0.125637937272666,8.87257033652021,0,0,0,0,0,0,0,0,0,0,0,0,0,0,0,0,NA,NA,NA,5.21075023851268,"Ninilchik","2003"
"77","Ninilchik_2004",16.08489583,14.1833940970833,9.27157551831141,7.21694879091636,2.01849946364508,1.03678022928177,7.96575538562675,15.2336755957143,680.80291666,12.8519419635714,13.4995721725,14.4191071421429,15.0175930060714,15.1808072921429,7.96575538562675,15.4034375,8.23479528902964,1.52150339710845,0.214348240261301,0.855180112715441,0.0869673612325661,0.2293672052292,0.128137183165668,8.23479528902964,0,0,0,0,0,0,0,0,0,0,0,0,0,0,0,0,NA,NA,NA,5.19844932727127,"Ninilchik","2004"
"78","Ninilchik_2005",15.89,13.5339583333333,9.36574305722984,7.11990943066011,2.01067490296042,1.08002222702597,7.82871961792153,15.12,649.63,12.2939285714286,12.9653571428571,13.3921428571429,14.5689285714286,15.0510714285714,8.14573986881746,15.12,7.65294273516566,1.85544144503546,0.235963696516434,1.37634422569021,0.10064652657923,0.241590992724997,0.164774143705351,8.28572083020386,0,0,0,0,0,0,0,0,0,0,0,0,0,0,0,0,NA,NA,NA,5.10923452769969,"Ninilchik","2005"
"79","Ninilchik_2006",14.23739583,11.409691839625,8.64430851265484,6.87959977346709,1.8333300260341,0.981406842353197,7.11066171191667,12.5301041671429,547.665208302,10.1016629463571,11.1910974696429,11.89127232,12.2622507428571,12.4902678571429,7.55281201425773,13.07955357,6.85606033108212,2.04732944532515,0.295117548972615,0.98038049380528,0.125406472354368,0.296317203486802,0.143924310426104,7.66290167030164,0,0,0,0,0,0,0,0,0,0,0,0,0,0,0,0,NA,NA,NA,5.04626974743299,"Ninilchik","2006"
"80","Ninilchik_2007",15.84177083,12.4400173616667,9.05035286816909,6.92299615994933,2.00872242960567,0.937604828628019,7.51196850462435,13.39044643,597.12083336,10.963677084,11.4401934519048,13.1600446428571,13.2862202392857,13.3881651798571,7.55758479417458,14.2808035728571,7.80865597193938,2.38376713959875,0.308300998798156,0.888088822547049,0.124111186614321,0.276418774295808,0.136123814752908,8.11274803954107,0,0,0,0,0,0,0,0,0,0,0,0,0,0,0,0,NA,NA,NA,4.91427373034366,"Ninilchik","2007"
"81","Ninilchik_2008",13.66,11.1254166666667,8.50801988356121,6.82888369161223,2.03248442287329,0.902480473990454,7.36373358061122,12.13,534.02,10.492,10.565,10.9028571428571,11.6311904761905,12.1017142857143,7.42355272102122,12.5614285714286,7.60553940957075,1.17792322695035,0.270511387918086,0.846017376193735,0.0975533544848715,0.255897209782488,0.134691418145315,7.60553940957075,0,0,0,0,0,0,0,0,0,0,0,0,0,0,0,0,NA,NA,NA,4.79639926873894,"Ninilchik","2008"
"82","Ninilchik_2009",15.08173958,11.7016766490625,9.37295308943167,7.02666673897106,1.93018745056611,0.981998741738904,7.52423817638301,12.0783720257143,561.680479155,10.5011711306071,11.1404014132857,11.778706845,11.8362924092857,12.0205610128571,7.68101569978692,13.4734360114286,7.77902374144917,1.6346979478374,0.205786523235534,1.3479837822053,0.109262382340672,0.235022248678569,0.165231550150614,8.39095434769276,0,0,0,0,0,0,0,0,0,0,0,0,0,0,0,0,NA,NA,NA,5.09647928840495,"Ninilchik","2009"
"83","Ninilchik_2010",14.36,11.3475,8.25270948341863,6.77975778870407,2.00334918987912,0.996944267779527,7.13752882645972,11.8771428571429,544.68,10.4917857142857,11.1360714285714,11.21,11.6171428571429,11.84,7.35490862723249,12.9842857142857,7.21331587753639,1.00106595744681,0.249795188059202,0.728973768846377,0.0881720940088913,0.249479795444067,0.125933644470797,7.2557652156391,0,0,0,0,0,0,0,0,0,0,0,0,0,0,0,0,NA,NA,NA,4.77640859882495,"Ninilchik","2010"
"84","Ninilchik_2011",15.65377083,12.3733778211875,8.95002254513861,6.80470259157491,2.08161339898946,1.07736803862188,7.30944706573404,14.3541711314286,593.922135417,10.6905487353571,11.9222805064286,12.3129255942857,13.2553028271429,14.1574386164286,7.34850800354919,14.54008631,7.73060792564717,2.92375980918433,0.231491762996245,0.903501735978081,0.138191894793678,0.231136054996181,0.139686793133279,7.87265450651673,0,0,0,0,0,0,0,0,0,0,0,0,0,0,0,0,NA,NA,NA,4.72308919258545,"Ninilchik","2011"
"85","Ninilchik_2012",14.6,12.116976744186,9.06073047775879,7.01279617509339,1.96974738540178,0.712971318103436,7.73913004286006,13.0071428571429,521.03,10.9482857142857,11.4957142857143,12.4528571428571,12.5985714285714,12.9254285714286,7.96500896491314,13.5042857142857,7.38338797407625,1.66545968992248,0.284605492564284,1.10177387952941,0.106505684646907,0.27083894033036,0.149676982645543,8.34775915965536,0,0,0,0,0,0,0,0,0,0,0,0,0,0,0,0,NA,NA,NA,5.04304878969161,"Ninilchik","2012"
"86","Ninilchik_2013",17.5,13.4260416666667,8.66135842919965,7.09962548277557,1.95090265262081,0.928838667111081,8.05052752326363,16.2585714285714,644.45,11.0775714285714,11.4657142857143,12.2428571428571,15.9534523809524,16.2045,7.79237471160205,16.6185714285714,7.20774662550297,5.77693506205674,0.197134477324868,0.764941114073474,0.17901966999092,0.227586079026537,0.123190881386244,7.73251976208857,0,0,0,0,0,0,0,0,0,0,0,0,0,0,0,0,NA,NA,NA,5.14872283015476,"Ninilchik","2013"
"87","Ninilchik_2014",15.17439583,12.8709678820833,9.28470874393277,7.0959661941791,1.91506503958145,0.893926981896343,7.55309531184598,14.05942262,617.80645834,11.2164456835714,12.4474512653571,12.7378742564286,13.4580215771429,13.9661882446429,7.67309595225704,14.8194211328571,7.4594522728771,1.95256818678041,0.224957046984632,1.02893365121315,0.108565515273229,0.247665933327372,0.142949337745952,8.39078176203643,0,0,0,0,0,0,0,0,0,0,0,0,0,0,0,0,NA,NA,NA,5.18090115459765,"Ninilchik","2014"
"88","Ninilchik_2015",15.39628125,13.1323444008125,8.6463161853799,6.90255851601625,2.02139091871593,1.39053000888921,7.44943329550674,15.09576488,630.352531239,11.8151688985357,12.3213649560714,13.7249657735714,14.1244840028571,14.8599925589286,7.54930932068272,15.0959672614286,7.04327409090499,2.53896413559684,0.189231187040559,0.58322334663021,0.121334979019107,0.215201872856476,0.110638773646131,7.25578617649069,0,0,0,0,0,0,0,0,0,0,0,0,0,0,0,0,NA,NA,NA,4.88116759730032,"Ninilchik","2015"
"89","Rabbit_2008",7.915208333,6.87690692209677,9.57344896740013,7.07955806849065,1.97754279121867,1.17666174248911,8.15837525697124,7.46325892857143,426.36822917,6.13342708341429,6.48025297628571,7.121845238,7.25148809528571,7.41652678577143,8.15837525697124,7.54882440471429,7.49871368523767,0.35442585718692,0.200675443234545,1.00975098677,0.0865704256612871,0.226527653138747,0.141938756069404,8.39678722491103,0,0,0,0,0,0,0,0,0,0,0,0,0,0,0,0,NA,NA,NA,5.10201527727197,"Rabbit","2008"
"90","Rabbit_2009",11.66370833,9.66710013427419,9.18084691563033,7.03384127668576,2.02795520091144,1.12031275722885,7.36028963061232,11.0896681557143,599.360208325,8.60768906251429,9.09949627946429,9.46868749992857,10.4744073649643,11.0481889887143,7.50611467377707,11.3416205357143,7.12608537384165,0.97638092517091,0.2951670472366,0.917498078340185,0.102214715933722,0.26790176725706,0.136178961431718,8.06053415840148,0,0,0,0,0,0,0,0,0,0,0,0,0,0,0,0,NA,NA,NA,5.00588607577432,"Rabbit","2009"
"91","Rabbit_2010",10.20323958,8.41073958333871,8.67230873524118,6.98419413282797,2.02406516987675,1.03508081880501,7.48849270209839,9.20201339242857,521.465854167,7.96533400302143,8.27176078878571,8.54608556564286,8.69337760428571,9.05134828837857,7.51509826139566,9.36232589242857,7.45118652965034,0.43911730527247,0.249815807472089,0.864645552590806,0.078787276824793,0.246936601138753,0.133138222187171,7.63722791643617,0,0,0,0,0,0,0,0,0,0,0,0,0,0,0,0,NA,NA,NA,4.96012896295122,"Rabbit","2010"
"92","Resurrection_2008",7.88,6.97,8.92811829124929,7.09659563833292,1.94150539896266,0.777138148437012,7.55760408956925,7.47142857142857,313.65,6.26964285714286,6.95142857142857,7.17857142857143,7.38107142857143,7.4525,7.70859181513413,7.50857142857143,7.38886829120545,0.403740909090909,0.281237491397961,1.1428951566646,0.0911629982461964,0.273147987545659,0.150644450003273,8.15098014281228,0,0,0,0,0,0,0,0,0,0,0,0,0,0,0,0,NA,NA,NA,5.15509023937026,"Resurrection","2008"
"93","Resurrection_2009",11.55733333,9.62769509541667,8.97313952665039,6.77129694937601,1.97364880870417,0.891963034247516,7.12662558128405,10.1041056548571,462.12936458,8.89630096728571,9.11213392860714,9.53521279707143,9.96840327385714,10.0799393602857,7.20643935861092,10.461891369,7.02858195436545,0.540304449978919,0.330593695263585,0.724541419829109,0.0763478733313447,0.291324766245113,0.125707083076594,8.08117649240288,0,0,0,0,0,0,0,0,0,0,0,0,0,0,0,0,NA,NA,NA,4.79764814067184,"Resurrection","2009"
"94","Resurrection_2010",9.379760417,8.21816493052083,9.86159181140889,6.89087881666491,1.93081122795554,0.860668939557575,7.26117649413911,8.71283333328571,394.471916665,7.76779092267857,7.95971354157143,8.32529836292857,8.43866108625,8.65273846721428,7.690092120285,8.84700148814286,8.19123422021232,0.281199537312504,0.204018263338578,1.37260085092583,0.0645256588984023,0.233934732970692,0.170019024262662,9.00092287185132,0,0,0,0,0,0,0,0,0,0,0,0,0,0,0,0,NA,NA,NA,4.96006758870938,"Resurrection","2010"
"95","Resurrection_2011",10.32813542,8.52989431427083,9.22028587957479,7.02041690039589,1.99628066393091,1.17378999366045,7.52138807568044,9.40942261942857,409.434927085,7.87561086310714,8.13390736610714,8.54386532728571,9.06887239575,9.34419605682143,7.65340674409217,9.47973958371429,7.12274332406982,0.612656110038482,0.178274690274473,0.866708282135443,0.0917623937621832,0.211506269395311,0.132609174110813,8.04649588591434,0,0,0,0,0,0,0,0,0,0,0,0,0,0,0,0,NA,NA,NA,5.02413623646498,"Resurrection","2011"
"96","Resurrection_2012",9.330885417,7.7197007379375,9.00118684177239,7.02777906815043,2.03973800795165,0.959054162699736,7.43576843363364,8.643511905,370.545635421,7.3176930805,7.39145498525,7.55104315478571,7.95971279767857,8.49846279782143,7.48614307886779,8.78218154785714,7.80944836275483,0.51595708426477,0.337278169287284,1.4485025901995,0.0930478462551945,0.284721148895419,0.171254320892043,8.04213267907266,0,0,0,0,0,0,0,0,0,0,0,0,0,0,0,0,NA,NA,NA,4.98804106019878,"Resurrection","2012"
"97","Russian_2015",13.91,12.3774193548387,9.08197826376696,7.06525096084996,2.07579112591607,1.07652104873878,7.2896138656736,13.5,383.7,11.6913571428571,12.1139285714286,12.5485714285714,12.9803571428571,13.3960714285714,7.61602573706009,13.5,7.33719193601755,1.14005311827957,0.267848158391775,1.05579993646263,0.0862645652713914,0.249322045534527,0.145433087103782,8.00545721502818,0,0,0,0,0,0,0,0,0,0,0,0,0,0,0,0,NA,NA,NA,4.98945983493389,"Russian","2015"
"98","Ship_2008",9.543541667,8.57654401872581,9.21343825488099,7.17526685193269,2.00499508988901,1.15444408239535,7.70734922265215,9.15894345242857,531.745729161,8.0393482142,8.49324404742857,8.54157738085714,8.71418154757143,9.06118154757143,8.08484979157833,9.15894345242857,7.52732169000336,0.32292479105159,0.211274550475544,0.861539116672751,0.0662580076459363,0.229250493784158,0.129359832024038,8.05899417248564,0,0,0,0,0,0,0,0,0,0,0,0,0,0,0,0,NA,NA,NA,5.17027176204368,"Ship","2008"
"99","Ship_2009",13.21057292,10.6515522512903,9.47047234518052,6.99745284810112,1.95791963351684,0.866866201769454,7.66989274342608,12.5469166657143,660.39623958,9.40200825883572,9.82025781289286,10.4276778269286,11.18703571575,12.3960145827143,7.89121804193692,12.6339315457143,7.94331833091676,1.32291934364408,0.254042338083455,1.11468934466544,0.10798260025749,0.257429426492054,0.15088183046091,8.60360614341107,0,0,0,0,0,0,0,0,0,0,0,0,0,0,0,0,NA,NA,NA,5.03953321458428,"Ship","2009"
"100","Ship_2010",10.936875,9.5972683131129,8.86697887622022,6.7879177946988,1.98221284607796,1.07440835212536,7.40607842600449,10.2192678575714,595.030635413,9.15889486636429,9.53638913735714,9.71099851142857,9.83516927028571,10.1331235864214,7.40607842600449,10.3703616081429,7.06068559644403,0.379783493279367,0.204817076942572,0.830432975608583,0.0642126222827969,0.22831413286205,0.134250440375203,7.79257052409486,0,0,0,0,0,0,0,0,0,0,0,0,0,0,0,0,NA,NA,NA,4.80570494862083,"Ship","2010"
"101","Ship_2011",11.60090625,9.76999949633871,8.90728580973217,6.96949684336694,2.02023904142965,1.20428714132182,7.65437093450843,10.8046041671429,605.739968773,8.88850691957857,9.24748809485714,10.1338943462143,10.37376079,10.6575359376429,7.79397967092841,10.88234375,7.24111766523883,0.856618283033269,0.264131048909356,1.01120942382159,0.0947325283243047,0.254394061089823,0.14428431715095,7.70299866841035,0,0,0,0,0,0,0,0,0,0,0,0,0,0,0,0,NA,NA,NA,4.94925780193729,"Ship","2011"
"102","Stariski_2003",17.35,14.2385454545455,9.01702533763658,7.0646221420259,1.96337365856969,0.895167497025167,7.52787116744938,15.6657142857143,783.12,11.8655714285714,13.9478571428571,15.1271428571429,15.2921428571429,15.5748571428571,7.71229522212664,16.0928571428571,7.79883861769295,3.11833117845118,0.279078213762082,0.984939864889084,0.124021075301506,0.26906673405856,0.140480459679015,8.12185784061141,0,0,0,0,0,0,0,0,0,0,0,0,0,0,0,0,NA,NA,NA,5.10124848345621,"Stariski","2003"
"103","Stariski_2004",18.135,14.8956041667273,9.99591977718555,7.12825237647539,1.98133872892435,0.496468033373338,7.96173313415537,16.4278273814286,819.25822917,13.0396220234286,14.3834895835714,15.4554166685714,15.9518229164286,16.4258005955714,7.99683650330731,17.6922470228571,8.00896231379797,2.36341467930953,0.262101027257932,1.06412358992524,0.10320763858208,0.258389958888825,0.144714806390654,9.49945174381221,0,0,0,0,0,0,0,0,0,0,0,0,0,0,0,0,NA,NA,NA,5.14691364755104,"Stariski","2004"
"104","Stariski_2005",17.57,14.7085454545455,10.6243613529406,6.89944599766409,1.99177373495123,1.01524453047326,7.59875796796103,16.32,808.97,13.5008571428571,13.8514285714286,14.9971428571429,15.9192857142857,16.2291428571429,7.94957164094353,16.9428571428571,8.80428908021588,2.05417932659933,0.209454787927344,1.19955726769487,0.0974427316290037,0.229776254054671,0.158743617677914,9.60911682246734,0,0,0,0,0,0,0,0,0,0,0,0,0,0,0,0,NA,NA,NA,4.90767226271286,"Stariski","2005"
"105","Stariski_2006",14.83791667,12.4609753781091,9.58605704824963,6.90328485481303,2.04225559527849,0.741659662917243,7.84449029958001,13.82907738,685.353645796,11.4835372014286,12.2249553571429,12.6302827371429,13.338995535,13.719385416,7.99326483305158,13.82907738,7.27691567745392,1.85031195017414,0.251579941365103,1.26388786804712,0.109161737338324,0.245599744795273,0.162854018035554,8.84439738533238,0,0,0,0,0,0,0,0,0,0,0,0,0,0,0,0,NA,NA,NA,4.86102925953454,"Stariski","2006"
"106","Stariski_2007",15.93,12.6687272727273,9.78619308154351,7.07590446940486,2.13603086854201,0.89251205811704,7.53988306842071,13.6171428571429,696.78,11.31875,11.9414285714286,12.9642857142857,13.3489285714286,13.5431428571429,7.78460791988245,14.4614285714286,8.4925458430911,1.85260390572391,0.201185804169009,1.09722736479503,0.107438095379791,0.209986387437681,0.148035663391315,8.89368102342647,0,0,0,0,0,0,0,0,0,0,0,0,0,0,0,0,NA,NA,NA,4.93987360086285,"Stariski","2007"
"107","Stariski_2008",13.37,11.3125454545455,9.69558359054329,6.82156714919003,1.98354778429632,0.94101557725585,7.82764102533062,11.9485714285714,622.19,10.6724285714286,11.0310714285714,11.2957142857143,11.7494047619048,11.8977380952381,7.82764102533062,12.2242857142857,7.66147909164233,0.953085993265993,0.276936516281567,1.26655962916653,0.0862989886762924,0.265306228037868,0.164978998149122,8.75456801328744,0,0,0,0,0,0,0,0,0,0,0,0,0,0,0,0,NA,NA,NA,4.83801936489371,"Stariski","2008"
"108","Stariski_2009",16.86422917,12.6368863638909,9.56426550028866,7.02241329779732,1.89188664238037,0.258809544950112,7.65520929713154,15.8417470242857,695.028750014,11.1007922619714,11.6936205357143,11.94071131,13.501226935,15.556260864,7.74916401356066,15.92068006,7.80333589098767,3.2988302219833,0.283900956722418,1.30717711517367,0.143727510149018,0.281636097026417,0.162809908463698,9.30545595533855,0,0,0,0,0,0,0,0,0,0,0,0,0,0,0,0,NA,NA,NA,5.13052665541695,"Stariski","2009"
"109","Stariski_2010",14.02657292,11.204297348,10.0300351796627,7.00718711319869,1.9947499917687,0.30720991105967,7.39492391994683,12.81469643,616.23635414,10.3041235120286,10.7341101197857,10.9942886885714,11.5628645814286,12.4442575897143,7.42004761040641,12.8862514885714,9.16553083032424,0.89917289138511,0.240567441915321,0.974914457945721,0.0846324623384911,0.24588382085044,0.140909262176498,9.72282526860302,0,0,0,0,0,0,0,0,0,0,0,0,0,0,0,0,NA,NA,NA,5.01243712142999,"Stariski","2010"
"110","Stariski_2011",15.07616667,12.5103814394545,9.30812167906499,7.03662900953044,2.03363698275225,1.14075624122356,7.63508788246584,13.9802008928571,688.07097917,11.7258723217143,12.1228348221429,12.6044747028571,13.2158087792857,13.8210687497143,7.79509222786616,14.0706994042857,7.88217224943016,1.94310471094984,0.273571153604738,1.05263114239824,0.111423693608923,0.257194525225897,0.145805347695297,8.16736543784143,0,0,0,0,0,0,0,0,0,0,0,0,0,0,0,0,NA,NA,NA,5.00299202677819,"Stariski","2011"
"111","Stariski_2012",14.29608333,11.7149825757455,9.64840655856471,7.17819837311298,1.94627415500464,0.929143373327168,7.59530722295663,12.6371369047143,644.324041666,10.5233758938286,11.1524620532857,12.22485119,12.4409002971429,12.6347226185857,8.04710280806424,13.1311577385714,8.1858956028622,1.86808354545908,0.213107897596627,1.17364093762975,0.116669275389565,0.237189662265964,0.150921866883651,8.71926318523754,0,0,0,0,0,0,0,0,0,0,0,0,0,0,0,0,NA,NA,NA,5.23192421810834,"Stariski","2012"
"112","Stariski_2013",16.93,13.2647272727273,9.65179319248463,6.7070957075707,1.97071982814925,0.959838906430924,7.35554767926974,15.8971428571429,729.56,10.7899166666667,11.4432142857143,12.7221428571429,15.4775,15.8151428571429,7.36406405471233,16.3871428571429,7.93510006947042,4.97219205387205,0.198974970723444,1.17870698992074,0.168103061313535,0.226346789333492,0.161870767497263,8.6919542860537,0,0,0,0,0,0,0,0,0,0,0,0,0,0,0,0,NA,NA,NA,4.73637587942145,"Stariski","2013"
"113","Stariski_2014",15.81054167,13.2778534089091,9.31387129333069,7.02965217959109,2.07677415599036,1.10285415319366,7.59688370901468,14.0451979157143,730.28193749,12.2292949402857,12.5122351185714,13.2368095228571,13.7751904764286,13.9897903268571,7.66821185252663,15.0110833342857,6.93319758382007,1.78104591342029,0.20540808152201,0.766345843597552,0.100510096050642,0.218232532509098,0.124531312695647,8.21101714013703,0,0,0,0,0,0,0,0,0,0,0,0,0,0,0,0,NA,NA,NA,4.95287802360073,"Stariski","2014"
"114","Stariski_2015",15.88,13.7463636363636,9.07948889020745,7.15616859250998,2.08643236813708,0.964058496497198,7.86532058325011,15.2528571428571,756.05,12.4932857142857,13.145,13.8657142857143,14.385,15.0364285714286,7.86532058325011,15.2557142857143,7.60018551642746,1.24989023569024,0.27445694243701,0.891105926700613,0.0813295013252203,0.251091955405858,0.131911938491681,8.11543039371025,0,0,0,0,0,0,0,0,0,0,0,0,0,0,0,0,NA,NA,NA,5.0697362243729,"Stariski","2015"
"115","Wasilla_2008",10.91,9.4396875,9.11245156225904,7.17961968505435,1.95723505123554,0.732299189485669,7.32865835772951,9.60857142857143,302.07,9.0825,9.24107142857143,9.36071428571429,9.46285714285714,9.57942857142857,7.66395482177045,9.97285714285714,8.03905570246963,0.410267641129032,0.267339936599518,0.940106558478885,0.0678540875698989,0.264173308682863,0.135047671854248,8.38015237277337,0,0,0,0,0,0,0,0,0,0,0,0,0,0,0,0,NA,NA,NA,5.2223846338188,"Wasilla","2008"
"116","Wasilla_2009",10.65965625,9.55092741951613,9.25269618488441,7.15388851531244,2.02279490851631,1.13118759448142,7.44225963967766,10.2355223228571,296.078750005,8.93078005974286,9.30332291642857,9.585331845,9.84296651817857,10.1570111619214,7.62689637143087,10.3408080371429,7.48870834317377,0.398705311364177,0.175843434753588,1.05076488416681,0.066112025930942,0.207305692289484,0.14328825948485,8.12150859040299,0,0,0,0,0,0,0,0,0,0,0,0,0,0,0,0,NA,NA,NA,5.13109360679612,"Wasilla","2009"
"117","Wasilla_2010",11.36622917,10.1347224462903,8.95174970574563,7.17986874790102,2.00333919394969,1.25476047916524,7.85088099310271,10.7397113085714,314.176395835,9.87307574427143,10.0040096733571,10.0951145838571,10.2836755950714,10.6485041658714,7.85088099310271,10.7397113085714,6.73353284290456,0.330129232938336,0.112037180951866,0.907626439751013,0.0566930904643245,0.167080820205975,0.132689654777941,7.69698922658038,0,0,0,0,0,0,0,0,0,0,0,0,0,0,0,0,NA,NA,NA,5.17652955395133,"Wasilla","2010"
"118","Wasilla_2011",10.13109375,9.24725470470968,9.38320866135977,6.81509669193834,2.01920877844216,1.21141831994558,6.96266139425654,9.585003473,286.664895846,9.11186383977143,9.19364062514286,9.40549255978571,9.58370399364286,9.58474357712857,7.43090396326827,9.75272916771429,7.24171144827768,0.301061315871272,0.216359488063875,1.50906896673425,0.0593355070309317,0.230359828715133,0.180253008548136,8.17179034141419,0,0,0,0,0,0,0,0,0,0,0,0,0,0,0,0,NA,NA,NA,4.79588791349618,"Wasilla","2011"
"119","Wasilla_2012",11.15938542,9.478201497375,8.30221277747088,6.77199763782488,1.93669469611621,0.906210356885492,7.10500053682522,10.3158422618571,303.302447916,8.85482110609643,8.98988330848214,9.43978050592857,9.95401190475,10.2434761904357,7.21659111610577,10.6256607142857,7.14264609208732,0.589789445484302,0.277966849443226,0.975779413082149,0.0810256569723387,0.27222959631752,0.145867663878318,7.39600242058539,0,0,0,0,0,0,0,0,0,0,0,0,0,0,0,0,NA,NA,NA,4.83530294170867,"Wasilla","2012"
"120","Willow_2008",12.1,10.06375,8.47727489514058,6.90015602257104,1.97697011906931,1.19309758369158,7.07513945839777,10.4916666666667,322.04,9.35492857142857,9.85464285714286,10.2407142857143,10.4368452380952,10.4807023809524,7.33070884903014,10.8957142857143,7.284177311449,0.844379032258064,0.223186354873536,0.84540340919181,0.0913080105867742,0.238964679615783,0.133251800687614,7.284177311449,0,0,0,0,0,0,0,0,0,0,0,0,0,0,0,0,NA,NA,NA,4.92318590350173,"Willow","2008"
"121","Willow_2009",15.64,13.0940625,8.81668024231221,6.98934153661098,2.00389712501646,0.963484635929211,7.48231180880505,13.1271428571429,419.01,12.4602142857143,12.6153571428571,12.8964285714286,13.1164285714286,13.125,7.80675326178469,14.33,7.1498752116265,1.27386360887097,0.225542934929597,1.23590828052773,0.0861959887879963,0.236995004349358,0.159058491038372,7.85319560638299,0,0,0,0,0,0,0,0,0,0,0,0,0,0,0,0,NA,NA,NA,4.98544441159452,"Willow","2009"
"122","Willow_2010",12.78,10.6141176470588,8.60456296086101,6.93532017762942,1.87634587376738,0.708961039397535,7.34438936085182,11.1214285714286,180.44,9.49557142857143,9.83785714285714,10.2657142857143,10.6935714285714,11.0358571428571,7.34438936085182,11.7342857142857,7.5753570923789,1.53120073529412,0.317457646668581,1.06014791492154,0.116582178765659,0.300282483948548,0.148462481768349,7.89560192146347,0,0,0,0,0,0,0,0,0,0,0,0,0,0,0,0,NA,NA,NA,5.05897430386204,"Willow","2010"
"123","Willow_2011",14.1469375,11.223201171875,8.49875892261331,6.98565514027515,2.04921356165844,1.25727837635689,7.52370924644302,12.3092410714286,359.1424375,9.47217477648571,10.4759453127143,11.5563191966429,12.2411517857143,12.2956232142857,7.56468968668611,12.4503452385714,6.60441822660576,2.54503651585525,0.208561374885166,0.859451410381033,0.142144565856559,0.222858764852089,0.132709961206172,7.24148054625642,0,0,0,0,0,0,0,0,0,0,0,0,0,0,0,0,NA,NA,NA,4.93644157861671,"Willow","2011"
