F1,site.year,MxDAT,MnDAT,MxDMT,MnDMT,MnDNT,NDNT,MxWMT,MxWAT,CDD,WAT5,WAT25,WAT50,WAT75,WAT95,MA7d_DMT,MA7d_DAT,DELTA_MAX,SIGMA_MN,SIGMA_MIN,SIGMA_MAX,CV_MN,CV_MIN,CV_MAX,RNG,SUM_13,SUM_18,SUM_20,SUM7d_13,SUM7d_18,SUM_event13,SUM_event18,SUM_MA7d_13,SUM_MA7d_18,SUM_MA7d_20,DUR_mx13,DUR_mn13,DUR_mx18,DUR_mn18,DUR_mx20,DUR_mn20,MxDMT_jd,MA7d_DMT_jd,WDMT_jd,D_RNG,site,year,Intercept,Slope,sw_begin,sw_end
1,Anchor_2004,18.584375,14.6553188521951,9.30797839905936,6.99071208357682,1.95499858219084,0.84077771337706,7.7982155736109,16.9029017871429,1201.73614588,11.6536160707143,13.7539211321429,15.44919643,16.1149702385714,16.8593452392857,7.7982155736109,18.06671131,7.37230125142102,4.29929214391601,0.1823948722662,0.954315320616,0.14148265690852,0.21845393174508,0.13974122054328,8.4672006856823,0,0,0,0,0,0,0,0,0,0,0,0,0,0,0,0,NA,NA,NA,5.03571350138598,Anchor,2004,7.02561326111371,0.03902662706435,152,236
2,Anchor_2005,17.48416667,14.259419118,9.49766158983416,6.98005316591425,1.98816329974011,0.84504334360708,7.60477828284591,16.4057738085714,1212.05062503,12.5517485128571,13.5442038692857,14.1462053571429,15.4828348228571,16.2639062492857,7.63701182912217,16.9772023814286,7.57037362958644,2.79087122493778,0.17805381028652,1.02349868599509,0.11715695211928,0.2122382144044,0.14493888437275,8.65261824622707,0,0,0,0,0,0,0,0,0,0,0,0,0,0,0,0,NA,NA,NA,4.99188986617414,Anchor,2005,10.6871773830729,0.01841361719034,152,236
3,Anchor_2006,14.97364583,11.7996384803882,9.64916688109488,7.10903778085584,1.97523320426815,0.80395143965476,7.45461920195021,14.0890327385714,1002.969270833,9.8776413685,10.7379315483571,12.3822619042857,13.2285416671429,13.826636905,7.66905779473022,14.0890327385714,8.64352881898358,2.87411251326159,0.34488810749559,0.99053796543366,0.14367565352428,0.29731767773304,0.13999893781314,8.84521544144011,0,0,0,0,0,0,0,0,0,0,0,0,0,0,0,0,NA,NA,NA,5.1338045765877,Anchor,2006,7.13739391963428,0.02403218845749,152,236
4,Anchor_2007,16.438125,12.4025477935882,8.89565477419858,6.95318790256919,2.08973558225373,0.86829763813305,7.59358821139453,14.0233630957143,1054.216562455,10.1162532244262,11.9177752960714,12.6557514871429,13.7308072907143,13.9877031252143,7.59358821139453,14.9292559528571,6.85652283447706,4.1715874425688,0.23536340887652,1.01127851426814,0.16467958597368,0.23215504999746,0.14462768152612,8.02735713606552,0,0,0,0,0,0,0,0,0,0,0,0,0,0,0,0,NA,NA,NA,4.86345232031546,Anchor,2007,5.27346167474644,0.03674786659196,152,236
5,Anchor_2009,16.61383333,11.9774194854471,10.8102766807107,6.91754040000653,1.98461611136557,0.42647707603965,7.27953655325542,15.7679806542857,1018.080656263,8.63011809240357,11.5781242567857,12.0056956842857,12.21955134,15.3590491069286,7.62479901111873,15.85954613,8.96858133113617,4.48535666462252,0.30510265400862,1.39769235352898,0.17682156548612,0.27832132292479,0.17090473310824,10.383799604671,0,0,0,0,0,0,0,0,0,0,0,0,0,0,0,0,NA,NA,NA,4.93292428864096,Anchor,2009,8.21822341543123,0.01937729932997,152,236
6,Anchor_2011,15.39640625,11.8889602938706,9.02484204541817,6.99553137881835,2.04520510844618,0.91656842917705,7.76140290803786,14.0775803571429,1010.561624979,9.55220907664286,11.8921346735714,12.3432306528571,12.9400215764286,13.7550290178571,7.80328632144607,14.1931309528571,7.79014601311663,2.96703740212754,0.23298340732463,0.93618746266998,0.14488306799812,0.23600740376344,0.13831226755967,8.10827361624112,0,0,0,0,0,0,0,0,0,0,0,0,0,0,0,0,NA,NA,NA,4.95032627037216,Anchor,2011,6.74760912121245,0.02650181016834,152,236
7,Anchor_2012,15.10204167,11.0626687745357,9.67574079585182,6.81290407337468,1.99285975898505,1.00213935412058,7.40904901317819,13.3844613085714,929.264177061,8.74871056535714,10.4615721728571,11.2740104175714,12.2040870523571,12.9498251485714,7.51602833318363,13.47922619,7.65610438751467,3.3747543193947,0.25812385749668,1.18908004845972,0.16605852326588,0.25493962089022,0.16005648385739,8.67360144173124,0,0,0,0,0,0,0,0,0,0,0,0,0,0,0,0,NA,NA,NA,4.82004431438963,Anchor,2012,4.16312927387467,0.03547321080031,152,236
8,Anchor_2013,16.99951042,12.4834189953059,9.02134699449252,6.95666269556431,2.00160835763201,0.71779944724825,7.54244562583265,15.9502872028571,1061.090614601,9.16708169545,11.4680472464286,12.3339516385714,13.6007946421429,15.8903985875714,7.60890331671948,16.3813750014286,7.35029204879354,7.20385570652645,0.27133448999315,1.28579710364319,0.21500519579919,0.26023960735753,0.1629991257786,8.30354754724426,0,0,0,0,0,0,0,0,0,0,0,0,0,0,0,0,NA,NA,NA,4.9550543379323,Anchor,2013,4.25869739163748,0.04239547218385,152,236
9,Anchor_2014,15.90846875,12.5765346814941,10.0557423688819,6.97029872334924,2.00034807010106,0.88744749143003,7.4735268113273,14.7558139871429,1069.005447927,10.1566080353357,11.0172332588571,12.7992708342857,13.9087131685714,14.549880729,7.87961523069679,15.1616264885714,8.07594283369536,3.46390257024189,0.24262867027471,1.28324649258369,0.14798641220777,0.24624390374696,0.16251881688764,9.16829487745183,0,0,0,0,0,0,0,0,0,0,0,0,0,0,0,0,NA,NA,NA,4.96995065324819,Anchor,2014,5.36372192576704,0.03717944719446,152,236
10,Beaver_2008,14.1378125,11.6635130205,8.77249285346043,7.04990904087952,1.97672383781119,0.49798519911678,7.32906148022193,12.6362648814286,466.54052082,11.3382142845714,11.38875,11.6936755942857,11.9668898814286,12.5023898814286,7.61442756436276,13.0554910728571,7.28867730524681,0.76703926883887,0.24408268649639,0.87763320325267,0.07508953599315,0.24993235869817,0.13288409683954,8.27450765434365,0,0,0,0,0,0,0,0,0,0,0,0,0,0,0,0,NA,NA,NA,5.07318520306833,Beaver,2008,22.6707016420583,-0.04969379725767,205,258
11,Beaver_2009,12.68072917,11.5954727567436,9.32133393302204,7.26171619722715,2.00229984907834,1.02030732874832,7.78159855108875,12.0953125014286,452.223437513,10.8633839280571,11.5275744042857,11.74154762,11.9925595242857,12.074761906,7.83950929892919,12.1885565485714,7.81941367815438,0.42522058768161,0.17488164031515,1.04888128857951,0.05623655156472,0.20885409478003,0.14103402391735,8.30102660427372,0,0,0,0,0,0,0,0,0,0,0,0,0,0,0,0,NA,NA,NA,5.25941634814881,Beaver,2009,22.9032922698371,-0.05085644575555,205,258
12,Beaver_2010,13.71708333,11.7411805552051,9.02705600379976,6.89668735494894,1.89419502709644,0.70618985315224,7.48532316974914,13.08455357,457.906041653,11.2294851205714,11.2996875,11.9734077371429,11.9874255942857,12.8651279748571,7.48532316974914,13.08455357,7.01898812130556,0.88863192632222,0.31084377145916,0.93961121397139,0.08028773191244,0.29433803940027,0.14055087606173,8.32086615064751,0,0,0,0,0,0,0,0,0,0,0,0,0,0,0,0,NA,NA,NA,5.0024923278525,Beaver,2010,22.4794624288424,-0.04839469778509,205,258
13,Beaver_2011,13.653125,12.0304620723077,9.40122210197122,7.17326626949766,1.94213814429131,0.89529800502528,7.62427811214269,12.6697619028571,469.18802082,11.722729168,11.91186012,12.18205357,12.4915922614286,12.6341279745714,7.69348459608056,13.1180654742857,7.04644403652191,0.62921482279946,0.19647378753673,0.98524366158562,0.06593517515783,0.22822971642427,0.13837412025642,8.50592409694594,0,0,0,0,0,0,0,0,0,0,0,0,0,0,0,0,NA,NA,NA,5.23112812520634,Beaver,2011,28.0508115474645,-0.07202052757732,205,258
14,Beaver_2012,14.5678125,12.559098958,8.78152447478717,7.07062317233161,1.97857273335278,1.08364159355875,7.23244813148804,13.4999826383333,502.36395832,11.3439341503571,11.7782477664286,12.9166517864286,13.1709486610714,13.4383612348214,7.54895507815313,13.7906696442857,7.00261874042377,1.17110733690392,0.18199857305912,0.77360388786231,0.08616678090262,0.21561648988629,0.12439462913049,7.69788288122843,0,0,0,0,0,0,0,0,0,0,0,0,0,0,0,0,NA,NA,NA,5.09205043897883,Beaver,2012,37.2629946040318,-0.11098406629811,205,258
15,Beaver_2013,15.77145833,13.1280662392308,8.36630860884751,6.67108962914063,2.05814680724695,1.08497815384126,7.18383727737224,15.0328422628571,511.99458333,11.6320863085714,12.4093005942857,12.6371428585714,12.7704315471429,14.5803601197143,7.35195615299243,15.4690773814286,6.46473861029557,2.06587240059397,0.24249476075598,0.9070724901882,0.10948408357054,0.23926260686595,0.14276581281584,7.28133045500624,0,0,0,0,0,0,0,0,0,0,0,0,0,0,0,0,NA,NA,NA,4.61294282189368,Beaver,2013,33.6524915172365,-0.09122421541642,205,258
16,Chuitna_2008,15.73,12.69825,9.39057669996185,6.95838328918471,2.04740985789573,1.03223714565833,7.28767491727542,13.2385714285714,507.93,12.61,12.7471428571429,13.0171428571429,13.1728571428571,13.2254285714286,7.55854386854013,13.8957142857143,7.96348185843667,1.34733275641026,0.27764098148264,0.99876199897597,0.0914099688914,0.25735759858765,0.14362255803611,8.35833955430352,0,0,0,0,0,0,0,0,0,0,0,0,0,0,0,0,NA,NA,NA,4.91097343128899,Chuitna,2008,18.700826395313,-0.02781251927227,205,250
17,Chuitna_2010,14.2,11.6746153846154,8.39082051104259,6.59531746610983,1.95233211783276,0.81494326702569,6.90060281656349,12.9957142857143,455.31,11.1454285714286,11.1557142857143,11.5085714285714,12.1857142857143,12.8337142857143,7.13068640080197,13.0842857142857,7.5758772440169,0.96265708502024,0.24756026177742,0.73131777295567,0.0840413894477,0.25485124978866,0.1296633861084,7.5758772440169,0,0,0,0,0,0,0,0,0,0,0,0,0,0,0,0,NA,NA,NA,4.64298534827706,Chuitna,2010,14.7292414431082,-0.01363737280296,205,250
18,Chuitna_2011,16.4509375,12.6813242517949,8.54688133441627,6.97801793899784,2.03169314870414,0.80060879667235,7.35181233788513,14.5276249985714,494.57164582,11.620313692,12.0069553571429,13.0193139871429,13.3287976185714,14.2878595225714,7.69400934255794,15.4677589271429,7.25231254961059,2.90946340148659,0.29415532853105,0.60674544779987,0.1345060570958,0.26695019588995,0.11162749570959,7.74627253774392,0,0,0,0,0,0,0,0,0,0,0,0,0,0,0,0,NA,NA,NA,4.9463247902937,Chuitna,2011,36.1834604714455,-0.10537727986426,205,250
19,Chuitna_2015,19.00733333,15.5226207260513,9.1061893617618,7.11679689630877,2.05237708090279,0.27474878824643,7.60549965426084,18.62725595,605.382208316,13.5619821425714,14.4115059528571,15.8400476185714,16.36327381,18.174459522,7.62183936176719,18.62725595,7.99039535189734,5.76641655231397,0.51050966292505,1.32108237435348,0.15469916143867,0.34813270710291,0.16150291943242,8.83144057351536,0,0,0,0,0,0,0,0,0,0,0,0,0,0,0,0,NA,NA,NA,5.06441981540598,Chuitna,2015,56.5511903553839,-0.18375682494301,205,250
20,Deception_2008,12.41495833,10.4062289128537,9.18945599237245,7.24389674927201,1.84911104178185,0.71218445864461,7.76681955072211,10.7733055561667,426.655385427,9.50965885407143,10.5014296879286,10.6800081842857,10.70722507525,10.7585881703393,8.30495957938479,11.1448705342857,8.13321344797735,0.77058070139607,0.25895047564264,1.36498115481156,0.08435594383501,0.27519805781686,0.16128392217189,8.47727153372783,0,0,0,0,0,0,0,0,0,0,0,0,0,0,0,0,NA,NA,NA,5.39478570749016,Deception,2008,6.3022653612732,0.01899983125731,196,236
21,Deception_2009,15.3424375,12.2178602646341,8.87028368106197,7.03870900351935,1.91119894182993,0.60126918654888,7.27216827458614,12.4386994057143,500.93227085,11.3553327391429,11.8305922614286,12.2547023814286,12.4212619057143,12.4352119057143,7.66028076056182,13.9862142857143,7.89578026553181,1.4247129379621,0.25015808897387,0.82744068845732,0.0976941436279,0.26169858775181,0.1292335950132,8.26901449451309,0,0,0,0,0,0,0,0,0,0,0,0,0,0,0,0,NA,NA,NA,5.12751006168942,Deception,2009,27.702977252453,-0.07169035642508,196,236
22,Deception_2010,13.7355625,11.4973175814634,9.1145349462097,7.06852638647675,1.90863710968717,0.67719019713378,7.30667361993009,12.4276517857143,471.39002084,10.791564882,11.0345982157143,11.1641666657143,11.5431845242857,12.2507583334286,7.43326591815737,12.5813244057143,7.58450603208666,0.86708746637384,0.24642924523651,1.2781299279251,0.08099065785767,0.26008946412601,0.15994056230347,8.43734474907592,0,0,0,0,0,0,0,0,0,0,0,0,0,0,0,0,NA,NA,NA,5.15988927678958,Deception,2010,15.6971158438188,-0.01944351047386,196,236
23,Deception_2011,13.85172917,10.806070122,9.01933253963338,7.03277571028891,2.05027943420237,1.11174130706966,7.27446187050248,12.1672068457143,443.048875002,9.30320446445714,9.66931994057143,11.0358497018571,11.9418244057143,12.1221303577143,7.682159181811,12.6011860114286,7.38885454867395,2.22717745466866,0.20383355940865,0.86297811665827,0.13810507225544,0.2202037896224,0.13209096848973,7.90759123256371,0,0,0,0,0,0,0,0,0,0,0,0,0,0,0,0,NA,NA,NA,4.98249627608654,Deception,2011,30.2999286190076,-0.09024934489355,196,236
24,Deep_2002,15.08,12.5845161290323,9.04969151122701,6.84754370669869,1.97627954488661,0.66195823511329,7.10262586870801,14.37,780.24,10.6557142857143,11.6885714285714,12.9842857142857,13.4585714285714,14.178,7.4616774057323,14.4071428571429,6.86543903071534,2.18429730301428,0.20519387209045,1.10568351174688,0.11744089521132,0.22921013547521,0.15356088405485,8.38773327611371,0,0,0,0,0,0,0,0,0,0,0,0,0,0,0,0,NA,NA,NA,4.87126416181209,Deep,2002,25.4970617464377,-0.061014979905,182,250
25,Deep_2003,18.02,14.035,9.22955904834575,6.82177106323663,1.84788146445688,0.3863835475275,7.13750098543423,16.2471428571429,870.17,11.2265714285714,13.3010714285714,14.6107142857143,15.3917857142857,16.0306428571429,7.84134692467229,16.4457142857143,7.81557219637039,4.19253032786885,0.27680811601826,1.20524889766693,0.14589005548903,0.28471824665158,0.16093156362993,8.84317550081825,0,0,0,0,0,0,0,0,0,0,0,0,0,0,0,0,NA,NA,NA,4.97388959877976,Deep,2003,31.9524340518816,-0.08471940080379,182,250
26,Deep_2004,18.28635417,14.7937020504762,10.1539714169837,7.04311450655848,2.05030881644189,0.74213665698377,7.52747219844187,16.7184672628571,932.00322918,13.1572269351429,13.8675558042857,15.4063020828571,15.8263802082143,16.6071547628571,7.72623918619302,17.7650000014286,7.26277403099742,2.68645955131594,0.19915842381377,1.22364112396543,0.11079324572646,0.21766071981096,0.15705880290242,9.41183475999995,0,0,0,0,0,0,0,0,0,0,0,0,0,0,0,0,NA,NA,NA,4.99280569011659,Deep,2004,25.6318581656784,-0.05188280585177,182,250
27,Deep_2005,17.31,14.0237096774194,9.91922880714949,7.26332798544232,1.98584020667348,0.75625832079068,7.53171692914576,15.6957142857143,869.47,12.3348571428571,13.2746428571429,14.3135714285714,15.1632142857143,15.6642142857143,7.94301252660999,16.5185714285714,7.79237292733036,2.41762371760973,0.17642186276382,1.17673637444236,0.11087444055137,0.21151048552743,0.14934955515376,9.16297048635881,0,0,0,0,0,0,0,0,0,0,0,0,0,0,0,0,NA,NA,NA,5.27748777876884,Deep,2005,29.6208184143222,-0.07405370843989,182,250
28,Deep_2006,15.34,11.9966129032258,9.78138713385586,6.73943709603157,2.0218004683862,1.06521155124725,7.17192820284186,13.9157142857143,743.79,10.2702142857143,11.5510714285714,12.3907142857143,13.0085714285714,13.7377142857143,7.44880819067207,13.9157142857143,8.4819843869254,2.64700309360127,0.21625215769159,1.03402914107666,0.13561838827807,0.23000746521402,0.15088385274645,8.71617558260861,0,0,0,0,0,0,0,0,0,0,0,0,0,0,0,0,NA,NA,NA,4.71763662764537,Deep,2006,28.0369740591889,-0.07582133723054,182,250
29,Deep_2007,16.46,12.6717741935484,9.54460486023111,6.8692844537848,2.03712022023939,0.89394028589102,7.18054833024913,13.9042857142857,785.65,11.4295238095238,12,12.4385714285714,13.3485714285714,13.8865714285714,7.76221236154106,14.9614285714286,7.73521885055655,2.10259516129032,0.23951892720636,1.20112922762279,0.11443013359605,0.24024439232316,0.15954506189399,8.65066457434009,0,0,0,0,0,0,0,0,0,0,0,0,0,0,0,0,NA,NA,NA,4.83216423354542,Deep,2007,17.6667947874802,-0.02428534892217,182,250
30,Deep_2008,13.77,10.937619047619,9.38332796196972,6.94462326405591,2.05994784968241,1.10709170781511,7.47093555545674,11.9857142857143,689.07,10.2431428571429,10.38,10.7971428571429,11.4333333333333,11.9251428571429,7.7728673326732,12.48,7.68089000832214,1.09512165898618,0.26469737232673,1.19241737146541,0.09567718546096,0.24975752914398,0.15724087660471,8.27623625415461,0,0,0,0,0,0,0,0,0,0,0,0,0,0,0,0,NA,NA,NA,4.8846754143735,Deep,2008,14.8082216538789,-0.01854987212276,182,250
31,Deep_2009,17.38313542,12.8805040320968,9.39503334179611,6.9449996404965,1.95147688723803,1.07248330508025,7.70039456987827,16.3702157742857,798.59124999,11.0724952390714,11.9746688989286,12.3763802085714,13.33036979,15.9574626487857,7.70039456987827,16.4774791671429,8.32255003671586,3.40349094135467,0.20511220092044,1.05992758888139,0.14322849931846,0.23207712482171,0.14824015850872,8.32255003671586,0,0,0,0,0,0,0,0,0,0,0,0,0,0,0,0,NA,NA,NA,4.99352275325847,Deep,2009,28.2255755478454,-0.07232201466434,182,250
32,Deep_2011,15.52989583,12.3117654568871,9.68392291802792,6.94633378388998,2.04035037184142,0.89709487913428,7.44608886800626,14.0899166657143,763.329458327,10.81915758965,12.1066871275,12.2993712807143,13.17481622,13.8602635407143,7.60010200943014,14.26904613,8.06381133482693,2.12918507447643,0.21017520199828,1.24560136245129,0.11851856189505,0.22469115943033,0.16066966537578,8.78682803889364,0,0,0,0,0,0,0,0,0,0,0,0,0,0,0,0,NA,NA,NA,4.90598341204855,Deep,2011,24.0737068857123,-0.0558647751244,182,250
33,Deshka_2008,16.16,14.31,9.17368491956429,6.95522371079123,2.01482918165666,0.63051232526856,7.4955823491077,15.0785714285714,686.88,13.6737142857143,14.0228571428571,14.31,14.5671428571429,14.9487142857143,7.56133401840271,15.1928571428571,7.04796287703708,0.78695319148936,0.28570866470048,1.03679759491972,0.06199188136071,0.26529158436277,0.14639825061588,8.54317259429573,0,0,0,0,0,0,0,0,0,0,0,0,0,0,0,0,NA,NA,NA,4.94039452913457,Deshka,2008,11.7251801997395,0.01177594442032,196,243
34,Deshka_2009,20.355625,14.825738498125,9.27493594555922,6.9659538638564,2.07254429354969,0.96122059499431,7.68996521915474,16.5584657742857,711.63544791,12.5462797617857,13.4036499260714,14.7884494042857,15.3160133917857,16.2529866071429,7.68996521915474,18.79769494,7.83616103533914,4.54461078876257,0.24809289014195,0.99219283614073,0.14379110195136,0.24032742783112,0.14299387975787,8.31371535056491,0,0,0,0,0,0,0,0,0,0,0,0,0,0,0,0,NA,NA,NA,4.89340957030671,Deshka,2009,45.2480630360123,-0.13859828946645,196,243
35,Deshka_2010,17.36052083,12.2600269103542,9.15178194201986,7.0952980286785,2.05316818610498,1.08874313936761,7.62277646157049,13.68011905,588.481291697,11.31710379575,11.5733783482143,11.6256696435714,12.5123247767857,13.4597775314286,7.79692882257633,14.7863377985714,7.45042426545054,2.08931387137002,0.21930381468586,0.91082787426115,0.11789908113752,0.22808596736688,0.13450781389743,8.06303880265225,0,0,0,0,0,0,0,0,0,0,0,0,0,0,0,0,NA,NA,NA,5.04212984257352,Deshka,2010,27.4887123432091,-0.06937897691505,196,243
36,Deshka_2014,17.74283333,15.7403671866667,9.34442622834836,7.13130564213164,1.86420469248888,1.09394854482663,7.57366572734545,16.76052976,755.53762496,13.7193898796429,15.4574226182143,16.173315475,16.4393199403571,16.6839523796429,7.98024470031804,17.3436547628571,7.27773018405084,2.53663957556545,0.15764077195499,0.971896908596,0.10118462411493,0.21298091064783,0.1382423315921,8.25047768352173,0,0,0,0,0,0,0,0,0,0,0,0,0,0,0,0,NA,NA,NA,5.26710094964276,Deshka,2014,34.9546605032543,-0.08753664381133,196,243
37,EF Chulitna_2008,8.343583333,7.21789880948214,8.83059590944005,7.11771780459223,2.0343091549891,0.7333535645005,7.65452195813719,7.74469940471428,404.202333331,6.73068028272143,6.96212686003571,7.15243601185714,7.54887797610714,7.71957596726429,7.80443003430587,7.822485119,7.43324196743991,0.35869722479545,0.32098772454635,0.93614951287956,0.08297613832419,0.27850132037135,0.13593517237306,8.09724234493954,0,0,0,0,0,0,0,0,0,0,0,0,0,0,0,0,NA,NA,NA,5.08340864960313,EF Chulitna,2008,6.23149975915746,0.00457725777412,188,243
38,EF Chulitna_2009,12.245,9.26129334082143,9.09620023554288,6.95735560064314,2.05640997459683,0.88127368059764,7.93146026618438,11.0894583314286,518.632427086,6.94614047607143,7.86253422592857,9.53832142914286,10.3437224714286,10.9189105644571,8.10017050209504,11.7508630942857,7.21491463657789,3.31640028667222,0.26448080601589,1.3144658281108,0.19663545697521,0.25008484707885,0.16478984635232,8.21492655494524,0,0,0,0,0,0,0,0,0,0,0,0,0,0,0,0,NA,NA,NA,4.90094562604631,EF Chulitna,2009,29.9126730843946,-0.09583006841565,188,243
39,EF Chulitna_2010,10.68416667,8.48190922633929,8.58685976097691,6.78256428362764,1.94870895273403,0.66862727385158,7.10375641060155,9.69267113157143,474.986916675,7.74502425597143,8.00546428564286,8.45713392857143,8.64613839292857,9.41362961354286,7.33781731507583,9.69267113157143,6.77124737840127,0.83507742797956,0.30880536242486,0.73397536489053,0.10773820910632,0.28516448478606,0.12631264318425,7.91823248712532,0,0,0,0,0,0,0,0,0,0,0,0,0,0,0,0,NA,NA,NA,4.83385533089361,EF Chulitna,2010,13.0977707614735,-0.0214193110679,188,243
40,EF Chulitna_2011,10.57,8.1177358490566,8.98663776582478,6.89705457547267,2.0467943731561,0.69191080261437,7.64515153129853,9.57714285714286,430.24,6.85571428571428,7.43214285714286,7.57714285714286,9.39428571428572,9.55014285714286,7.69331319287151,9.57714285714286,7.29208597551782,1.56785246734398,0.21335595879868,0.92072723484896,0.15424733938427,0.22567225782177,0.13912392843156,8.2947269632104,0,0,0,0,0,0,0,0,0,0,0,0,0,0,0,0,NA,NA,NA,4.85026020231657,EF Chulitna,2011,20.5879745202387,-0.05746653765521,188,243
41,EF Chulitna_2012,10.43,8.12625,8.97628793924985,7.12493655469082,1.97880993968773,0.84995770516717,7.70987453447089,9.58428571428571,455.07,7.09185714285714,7.69214285714286,8.50285714285714,8.78428571428572,9.37728571428571,7.89948959405082,9.86285714285714,7.14635095704968,1.43185659090909,0.23747134109555,0.77601760406711,0.14725145081266,0.24626433451952,0.12363880113136,8.12633023408268,0,0,0,0,0,0,0,0,0,0,0,0,0,0,0,0,NA,NA,NA,5.14612661500309,EF Chulitna,2012,10.0226647300068,-0.00880006835269,188,243
42,Fish_2008,16.92,14.5471875,8.94067151189577,7.10716798427997,1.95944265887145,0.94362238257097,7.44367059430265,14.83,465.51,13.8723571428571,14.2760714285714,14.5778571428571,14.7410714285714,14.8122142857143,7.50720428504627,15.2771428571429,7.64447818522139,0.87530473790322,0.28485680176303,1.10226684553987,0.06431327167361,0.27238346368396,0.14772254863235,7.9970491293248,0,0,0,0,0,0,0,0,0,0,0,0,0,0,0,0,NA,NA,NA,5.14772532540852,Fish,2008,42.2728484848485,-0.12168686868686,213,267
43,Fish_2009,15.72447917,14.3296780916129,9.18853151354752,7.01158753092829,2.04399842815402,0.84510441008716,7.34629827124071,15.2627797628571,444.22002084,13.4009858624286,13.9424412207143,14.4223467271429,14.8231793164286,15.1748596735714,7.46583589130821,15.3692142857143,7.14223605214678,0.81438773323187,0.2391071678245,0.76817392193463,0.06297659525793,0.23923005503891,0.12500098054808,8.34342710346036,0,0,0,0,0,0,0,0,0,0,0,0,0,0,0,0,NA,NA,NA,4.96758910277426,Fish,2009,44.1369854303689,-0.13070601252532,213,267
44,Fish_2010,15.82,14.5253571428571,9.86214274756396,7.18588888071375,1.80201404356175,0.96220195950044,6.86868623167534,14.82,406.71,14.4361428571429,14.5178571428571,14.62,14.72,14.8,7.73213365770512,15.1885714285714,8.89994078806351,0.78387764550264,0.21421956129026,1.65871611541567,0.06095331362829,0.2568451631233,0.17922786642385,8.89994078806351,0,0,0,0,0,0,0,0,0,0,0,0,0,0,0,0,NA,NA,NA,5.383874837152,Fish,2010,41.3229945359857,-0.11675232647485,213,267
45,Fish_2011,15.5806875,13.9354297706452,9.4173392818266,6.9875480031197,2.01803238103468,1.08408418905279,7.51066636640885,14.3620148785714,431.99832289,13.63869940475,14.00940178375,14.164519839881,14.2143876482143,14.3324894325,7.74112891359774,14.8458095228571,7.40631975749102,0.78402100707798,0.26113499273383,1.24778361508436,0.06353945460447,0.25322373225495,0.15986185011094,8.33325509277381,0,0,0,0,0,0,0,0,0,0,0,0,0,0,0,0,NA,NA,NA,4.96951562208502,Fish,2011,40.6819274581428,-0.11842018543203,213,267
46,Fish_2012,17.45103125,14.8694733071875,9.64712003801142,7.14188333238303,2.0061900010832,0.86885668908219,7.37602882345467,16.1693928585714,475.82314583,13.1771826263452,13.7164339650595,14.8968683028571,15.9318091517857,16.1218761172143,7.7703160670798,16.7664315485714,7.33769153907122,2.04072429204505,0.25029688432496,1.05843104904343,0.09607194462279,0.24937657747613,0.14405174855419,8.77826334892922,0,0,0,0,0,0,0,0,0,0,0,0,0,0,0,0,NA,NA,NA,5.13569333129983,Fish,2012,51.5464380879801,-0.16158629901075,213,267
47,Fish_2013,19.02,15.5103225806452,9.1669253902978,7.09060511815158,1.96449252964121,1.04991618490186,7.44140665274713,16.2657142857143,480.82,14.0816428571429,14.4596428571429,15.2857142857143,16.0321428571429,16.219,7.75228434851906,17.5714285714286,7.72222462993452,2.29673655913978,0.24262875725799,1.22535809414764,0.09770904340744,0.25073834514354,0.15611628644371,8.11700920539593,0,0,0,0,0,0,0,0,0,0,0,0,0,0,0,0,NA,NA,NA,5.12611258851037,Fish,2013,54.3256883116883,-0.17004112554112,213,267
48,Fish_2014,18.70969792,15.6733602158065,9.23623233054553,6.89521697842512,1.90167038003672,1.19161844728893,7.72097004213505,16.6211041671429,485.87416669,14.3331422627143,15.4013601192857,15.86212128,16.0636197921429,16.5096072921429,8.01133288229819,17.5018645842857,7.37051551725648,2.3466718855902,0.16566182131244,1.71616363376431,0.09773814005104,0.21403065166607,0.18999029204884,8.0446138832566,0,0,0,0,0,0,0,0,0,0,0,0,0,0,0,0,NA,NA,NA,4.9935465983884,Fish,2014,49.1972686903031,-0.14734110375808,213,267
49,Fish_2015,19.56675,15.2080981185161,9.71433114529866,7.39621615761839,2.07929257799585,1.23368314748014,7.91835161239574,18.8601428571429,471.451041674,12.9697738841429,13.9665479921429,15.215351935,16.7516607139286,18.4384464285,8.09261996820331,18.9232648814286,7.91185124347868,8.28673563270574,0.17367206960849,1.2087960413108,0.18928527753541,0.20042384359645,0.14865068657028,8.48064799781852,0,0,0,0,0,0,0,0,0,0,0,0,0,0,0,0,NA,NA,NA,5.31692357962253,Fish,2015,69.7778550430953,-0.23829648644812,213,267
50,Little Willow_2008,12.55,10.328125,9.17780380590271,7.05246222351532,1.9989538661892,0.8552561232875,7.49453335462643,10.7042857142857,495.75,9.61942857142857,10.2364285714286,10.5,10.6467857142857,10.6905714285714,7.97625406933802,11.1785714285714,8.21418893665602,0.74601981382978,0.22738167105371,1.28955642498213,0.08362838224162,0.23854754739474,0.16101984574564,8.3225476826152,0,0,0,0,0,0,0,0,0,0,0,0,0,0,0,0,NA,NA,NA,5.05350835732613,Little Willow,2008,8.24785497177594,0.00947731220147,196,243
51,Little Willow_2009,16.21334375,12.3186306416667,9.08176744409334,7.22432086969049,2.08016666717417,1.06294471240622,7.52408591649151,13.0979672614286,591.2942708,10.6316257410714,11.3962369778571,12.5316480657143,12.9136629457143,13.0520829607143,7.77631641790838,14.5627336314286,6.73970920303144,2.25931418895696,0.2023075285737,1.02399766872993,0.12201855603058,0.21622598761761,0.14007236356354,8.01882273168712,0,0,0,0,0,0,0,0,0,0,0,0,0,0,0,0,NA,NA,NA,5.14415420251632,Little Willow,2009,31.8455810077745,-0.0889610495039,196,243
52,Little Willow_2010,13.81751042,11.1694375004792,9.54722815235059,7.15979713671988,1.91424885788843,0.6074448556991,7.62808706332717,12.0470372028571,536.133000023,10.5560777525,10.7372064740357,10.9633608637857,11.4562797628571,11.9386514142857,7.75310276300778,12.32664137,7.96243544981523,1.03228817538416,0.26034425445779,1.00420577447387,0.09096392134121,0.26654810677267,0.1399621611718,8.93978329665148,0,0,0,0,0,0,0,0,0,0,0,0,0,0,0,0,NA,NA,NA,5.24554827883145,Little Willow,2010,18.7686637043394,-0.03462062051872,196,243
53,Little Willow_2011,14.2295625,10.8839537758125,9.41416347802723,7.00724043898532,2.02938642452742,0.84796118994433,7.95975020373258,12.51128125,522.429781239,9.60023660660714,10.0004170383571,10.6885059521429,11.9593883934643,12.4496078871429,8.02559997083154,12.5514092257143,8.56620228808289,2.21397635381791,0.23566023802084,1.18201012394608,0.13670984798904,0.23920949000036,0.15515421504809,8.56620228808289,0,0,0,0,0,0,0,0,0,0,0,0,0,0,0,0,NA,NA,NA,4.9778540144579,Little Willow,2011,28.2389070854099,-0.07906584651297,196,243
54,Little Willow_2012,13.87,11.6097916666667,10.0645238926981,7.12302999684191,2.03665296735412,1.01929115217757,7.61819683901561,12.8442857142857,557.27,10.9810714285714,11.6392857142857,12.0321428571429,12.1046428571429,12.6646428571429,8.0125550655776,13.3385714285714,7.60995782294708,2.01902335992908,0.2871354994026,1.27934780573899,0.12239008750844,0.26310336958046,0.15879233722302,9.04523274052055,0,0,0,0,0,0,0,0,0,0,0,0,0,0,0,0,NA,NA,NA,5.08637702948779,Little Willow,2012,18.2616281299754,-0.03030449413808,196,243
55,Little Willow_2013,17.74,13.459375,9.61880935400793,7.07779653739649,1.94322143937593,0.62124816175637,7.69622520918129,16.73,646.05,10.1322857142857,11.9242857142857,13.6971428571429,15.1336904761905,16.5187142857143,7.69622520918129,17.1828571428571,7.66836488808573,6.41132938829787,0.2571668964451,1.11583657018619,0.18812614293218,0.2609667869441,0.1492458354384,8.99756119225155,0,0,0,0,0,0,0,0,0,0,0,0,0,0,0,0,NA,NA,NA,5.13457509802056,Little Willow,2013,45.2707913590969,-0.14492672600955,196,243
56,Little Willow_2014,13.77896875,12.0914891495,9.02929463268146,7.11234261813907,1.89862967493457,0.91254481031828,7.55050509743264,12.5865684528571,580.391479176,11.0081811749643,12.1299360121429,12.2368385414286,12.4509631696429,12.5685435271429,7.55050509743264,13.1098839285714,7.18936965107734,1.33138088672626,0.18966390992376,0.68297234902833,0.09542702145333,0.2293781708504,0.11619538816593,8.11674982236318,0,0,0,0,0,0,0,0,0,0,0,0,0,0,0,0,NA,NA,NA,5.2137129432045,Little Willow,2014,21.3618711817369,-0.04223408670722,196,243
57,Little Willow_2015,16.65498958,12.86035156275,9.17390247112664,6.80138408875092,2.07490744508286,0.88496944300631,7.32910441837743,15.7119895842857,617.296875012,10.8464646574286,12.0143634664286,13.3901316971429,14.2249914432143,15.3899434528571,7.64175331316372,15.7119895842857,7.35038994618291,4.27049132255367,0.26594668478281,1.33716958722872,0.16068897512627,0.24854129762506,0.17001840754931,8.28893302812032,0,0,0,0,0,0,0,0,0,0,0,0,0,0,0,0,NA,NA,NA,4.72647664366807,Little Willow,2015,31.7409381252226,-0.08601633969235,196,243
58,Montana_2008,12.27342708,10.65874587675,9.17250012907334,7.18099050940091,1.94950590082044,0.58860157793395,7.71284046980676,11.0048211816667,511.619802084,10.1238096727571,10.4795267855,10.8250848224286,10.9380654752857,10.9922935769095,7.92860254891598,11.2828720228571,7.65240952999136,0.43245535135448,0.26804470944249,0.90947008119121,0.06169706857539,0.26557003193192,0.13280360234355,8.58389855113939,0,0,0,0,0,0,0,0,0,0,0,0,0,0,0,0,NA,NA,NA,5.23148460858047,Montana,2008,9.96857116033022,0.00314430394724,196,243
59,Montana_2009,15.23129167,12.44771267375,9.30888335087111,6.88903007931667,2.03915847720269,1.135911580532,7.06466959091299,13.42823512,597.49020834,10.8204739585714,11.6325215767857,12.5824166664286,13.2041287210714,13.3915409235714,7.27235619464887,14.3109345228571,7.32836539711869,1.81084464974209,0.16330702476148,0.99872389505596,0.10810630956608,0.19817618062712,0.14506566705855,8.17297177033912,0,0,0,0,0,0,0,0,0,0,0,0,0,0,0,0,NA,NA,NA,4.84987160211398,Montana,2009,31.3910859863402,-0.08630238411202,196,243
60,Montana_2010,13.58385417,11.4960590283333,9.48365406783546,6.77536327910138,2.02420480794031,1.04066393225615,7.05706300676044,12.3717440485714,551.81083336,10.8777663689286,11.33353497,11.3859598221429,11.4537194946429,12.1456153282143,7.34744547336479,12.4143839285714,7.98473079355287,0.65696572543032,0.19028570951104,0.99600191175843,0.07050539843674,0.21550067503843,0.14729822043115,8.44299013557931,0,0,0,0,0,0,0,0,0,0,0,0,0,0,0,0,NA,NA,NA,4.75115847116107,Montana,2010,15.165224487865,-0.01671601576096,196,243
61,Montana_2011,14.068,11.3002921005417,9.6328439945096,7.07319895462854,1.99280464787856,0.71937262524114,7.49693110759572,12.4671071414286,542.414020826,10.2847477682143,10.5514308039286,11.2959985121429,12.2458273796429,12.4609084807143,7.59402301688338,12.72946726,7.62764301745112,1.3531049126205,0.207035594156,1.18471035974973,0.10293808051927,0.22832726843804,0.15388284926417,8.91347136926845,0,0,0,0,0,0,0,0,0,0,0,0,0,0,0,0,NA,NA,NA,5.08039430674998,Montana,2011,25.5729525080847,-0.06502350982935,196,243
62,Moose (Su)_2008,16.88,12.6765079365079,9.02669502369221,6.76920301832524,1.95957141284738,0.89364952033156,7.22820214989673,13.805,798.62,11.9962857142857,12.2228571428571,12.6642857142857,12.9571428571429,13.6561428571429,7.46512953966588,14.5971428571429,7.32430025964362,1.20156825396825,0.246273754922,1.2903923567445,0.08647181806802,0.25324913515007,0.16781213067162,8.13304550336064,0,0,0,0,0,0,0,0,0,0,0,0,0,0,0,0,NA,NA,NA,4.80963160547787,Moose (Su),2008,20.5076933592723,-0.03718018823281,182,258
63,Moose (Su)_2009,16.57,13.2986956521739,9.39885487143668,7.00431725677782,1.99615142814312,0.99037192965031,7.45759627205089,14.8185714285714,611.74,11.7185714285714,12.5585714285714,13.2835714285714,14.0364285714286,14.6392857142857,7.69083635427982,15.4757142857143,7.99811364808509,2.27411381642512,0.27927257410049,1.11018757928514,0.11339582141992,0.26474066791101,0.15042927869868,8.40848294178636,0,0,0,0,0,0,0,0,0,0,0,0,0,0,0,0,NA,NA,NA,5.0081658286347,Moose (Su),2009,34.4524695928081,-0.09591750396615,182,258
64,Moose (Su)_2010,15.92,12.898064516129,8.86219504431796,6.98792997993634,2.04412375566139,1.00610275605257,7.36888782096628,14.4342857142857,799.68,11.8664285714286,12.1753571428571,12.4085714285714,13.8842857142857,14.2732857142857,7.45433992640217,14.8528571428571,7.2269795852816,1.41930766790058,0.17298647656079,1.06588105938626,0.09236633882383,0.20346930004991,0.14774263070879,7.85609228826539,0,0,0,0,0,0,0,0,0,0,0,0,0,0,0,0,NA,NA,NA,4.94380622427495,Moose (Su),2010,25.214989747095,-0.05856459330143,182,258
65,Moose (Su)_2011,12.92,11.9360714285714,9.37434402382518,7.0339058718772,2.14109424667399,1.15332810938395,7.55405086990783,12.5328571428571,334.21,11.5451428571429,11.8285714285714,12.1828571428571,12.3578571428571,12.4978571428571,7.66115693177762,12.5457142857143,7.36720504776508,0.41505436507936,0.3082166205415,0.80648453966774,0.05397480521918,0.25929386580765,0.12767370777364,8.22101591444123,0,0,0,0,0,0,0,0,0,0,0,0,0,0,0,0,NA,NA,NA,4.89281162520321,Moose (Su),2011,30.2098218061008,-0.0804741769858,182,258
66,Moose (Su)_2012,15.89877083,13.158791997619,9.29175453252274,6.98323117131006,1.89034836335964,0.72645470033188,7.59773326561758,14.3487961314286,829.00389585,11.050895983,12.3255461328571,13.5647321428571,14.2930163685714,14.3371145834286,7.79377111525288,14.5624464285714,7.546434079006,2.24121200798759,0.28641594370476,1.12061140975106,0.11376939491668,0.28311100360226,0.15159019127396,8.56529983219085,0,0,0,0,0,0,0,0,0,0,0,0,0,0,0,0,NA,NA,NA,5.09288280795042,Moose (Su),2012,30.5518036836696,-0.08321010295451,182,258
67,NF Campbell_2008,11.83083333,10.1080880376129,8.45524438210113,6.85057605865811,1.97467707501175,0.65600994974576,7.38498082480048,10.5710119067143,626.701458332,9.52842261891428,10.14407738,10.1716964275714,10.2586160722857,10.4461488108857,7.38498082480048,10.6981696442857,6.88627024534525,0.47055785105602,0.29077394350936,0.79681434632693,0.06786369405679,0.27307482182647,0.13030211947519,7.79923443235537,0,0,0,0,0,0,0,0,0,0,0,0,0,0,0,0,NA,NA,NA,4.87589898364636,NF Campbell,2008,8.56861999830704,0.00724455547908,182,243
68,NF Campbell_2009,15.82947917,12.4489077624194,9.38465628452736,7.06468722820964,2.03933938666623,0.94813744818291,7.76793199198496,15.0590133928571,771.83228127,10.8667549859286,11.4243582592857,12.0945186014286,12.8736465778571,14.9156842258571,7.90333247804917,15.2678556557143,7.54418673057653,2.38619049411753,0.22937619798568,0.95689466621085,0.12408557756581,0.23484681134162,0.13846471866632,8.43651883634444,0,0,0,0,0,0,0,0,0,0,0,0,0,0,0,0,NA,NA,NA,5.02534784154341,NF Campbell,2009,26.2062829255134,-0.06474058900279,182,243
69,NF Campbell_2010,12.58292708,11.0302913308871,9.56509088588049,7.00630046350627,1.99898111534569,0.92035478888955,7.73044749190097,11.7996116071429,683.878062515,10.3247601186643,10.8948690485714,10.9982008942857,11.6264985121429,11.7459892111429,8.04498284342447,12.1468854171429,7.95867421287207,0.58090397612702,0.29699664560044,1.22290786976108,0.06909795453772,0.27262588024715,0.15783674349033,8.64473609699093,0,0,0,0,0,0,0,0,0,0,0,0,0,0,0,0,NA,NA,NA,5.00731934816059,NF Campbell,2010,12.8260751228084,-0.0084507472561,182,243
70,NF Campbell_2011,13.99,11.4183870967742,9.20649411315505,6.97682482787889,1.92959755092586,0.86667485678196,7.74779766660053,13.1428571428571,707.94,9.74942857142857,10.5089285714286,11.8278571428571,12.4735714285714,12.9093571428571,7.74779766660053,13.2285714285714,7.50345889546486,2.09788915917504,0.30068378212675,1.20050195144741,0.12684884213126,0.28417656665703,0.1570448200334,8.33981925637308,0,0,0,0,0,0,0,0,0,0,0,0,0,0,0,0,NA,NA,NA,5.04722727695302,NF Campbell,2011,24.5460721210748,-0.06177734129082,182,243
71,NF Campbell_2012,12.3454375,9.99798168703226,9.21190751667654,7.02621964132033,2.01518787768388,1.11584109754038,7.28160614580841,11.3391770828571,619.874864596,8.50730386885714,9.60039248535714,10.2860275307143,10.6795833330714,11.1088958331571,7.68966516900454,11.6302723214286,6.88891542257553,1.43486534342862,0.26711396813165,0.76027126301981,0.11981004633557,0.25646774751553,0.1240973666283,8.09606641913616,0,0,0,0,0,0,0,0,0,0,0,0,0,0,0,0,NA,NA,NA,5.01103176363644,NF Campbell,2012,4.40616133225526,0.02631444872836,182,243
72,NF Campbell_2013,15.93,12.3553225806452,9.19986576581185,7.01935973929789,1.97067601252736,0.68478829392807,7.71614552002613,14.9542857142857,766.03,9.73885714285714,11.18,12.19,13.5371428571429,14.9382857142857,7.81994786991103,15.5042857142857,6.76914786858607,3.79398923849815,0.21234977461472,0.82044337139829,0.157649994025,0.2338356223039,0.12904072811088,8.51507747188378,0,0,0,0,0,0,0,0,0,0,0,0,0,0,0,0,NA,NA,NA,5.04868372677053,NF Campbell,2013,15.9670894714311,-0.01699655007428,182,243
73,NF Campbell_2014,14.54932292,12.3189719424677,9.2737436373971,6.98438421152963,2.03775573219749,0.87637582002438,7.48170348649578,13.0552276771429,763.776260433,11.2171508939214,11.893476935,12.4028497028571,12.7930431546429,13.0509271571429,7.67604614748629,13.3382574414286,7.26310602774154,1.09657298865876,0.23685324612422,1.03855223434137,0.0850049675442,0.23882926776484,0.14591033355759,8.39736781737271,0,0,0,0,0,0,0,0,0,0,0,0,0,0,0,0,NA,NA,NA,4.94662847933215,NF Campbell,2014,18.6255657501599,-0.02967808850678,182,243
74,NF Campbell_2015,15.88386458,13.4662763778548,9.73697025232025,6.76808065078202,2.01380262015474,1.06618274655272,7.35611091211275,15.7031413671429,834.909135427,11.4263013400786,13.3027630214286,13.8800364585714,14.4329888389286,15.3251028261429,7.50716616874989,15.7031413671429,7.9234310394515,2.99182187293848,0.24123066381909,1.1627325417727,0.12844592862814,0.2438930104598,0.15932150066656,8.67078750576752,0,0,0,0,0,0,0,0,0,0,0,0,0,0,0,0,NA,NA,NA,4.75427803062727,NF Campbell,2015,24.2283302881747,-0.05064495957797,182,243
75,Ninilchik_2002,15.75,12.758125,8.8818708752534,6.98218689897865,1.98914145413544,0.7655404287974,7.15087137536406,14.42,612.39,10.9135714285714,11.9935714285714,12.6657142857143,13.9566666666667,14.336,7.44116636643389,14.9942857142857,7.37410114617155,2.27526236702128,0.22213989746088,0.71820269026159,0.11823032649492,0.23694503632565,0.12137578283233,8.116330446456,0,0,0,0,0,0,0,0,0,0,0,0,0,0,0,0,NA,NA,NA,4.99304544484321,Ninilchik,2002,28.4294290056449,-0.07139546244029,196,243
76,Ninilchik_2003,17.86,13.5554166666667,9.48570963398239,7.18393057500689,1.97318033649421,0.61313929746218,7.46592495836988,15.2071428571429,650.66,11.1192857142857,11.9232142857143,13.765,14.6146428571429,15.1221428571429,7.73989061993539,15.8957142857143,8.13029487348884,4.07765514184397,0.34884678458783,0.81464022072024,0.14896779014776,0.29933023267508,0.12563793727266,8.87257033652021,0,0,0,0,0,0,0,0,0,0,0,0,0,0,0,0,NA,NA,NA,5.21075023851268,Ninilchik,2003,38.8489077652338,-0.11523230568823,196,243
77,Ninilchik_2004,16.08489583,14.1833940970833,9.27157551831141,7.21694879091636,2.01849946364508,1.03678022928177,7.96575538562675,15.2336755957143,680.80291666,12.8519419635714,13.4995721725,14.4191071421429,15.0175930060714,15.1808072921429,7.96575538562675,15.4034375,8.23479528902964,1.52150339710845,0.2143482402613,0.85518011271544,0.08696736123256,0.2293672052292,0.12813718316566,8.23479528902964,0,0,0,0,0,0,0,0,0,0,0,0,0,0,0,0,NA,NA,NA,5.19844932727127,Ninilchik,2004,17.0597820085266,-0.01310427294507,196,243
78,Ninilchik_2005,15.89,13.5339583333333,9.36574305722984,7.11990943066011,2.01067490296042,1.08002222702597,7.82871961792153,15.12,649.63,12.2939285714286,12.9653571428571,13.3921428571429,14.5689285714286,15.0510714285714,8.14573986881746,15.12,7.65294273516566,1.85544144503546,0.23596369651643,1.37634422569021,0.10064652657923,0.24159099272499,0.16477414370535,8.28572083020386,0,0,0,0,0,0,0,0,0,0,0,0,0,0,0,0,NA,NA,NA,5.10923452769969,Ninilchik,2005,28.2073617744971,-0.06684921841076,196,243
79,Ninilchik_2006,14.23739583,11.409691839625,8.64430851265484,6.87959977346709,1.8333300260341,0.98140684235319,7.11066171191667,12.5301041671429,547.665208302,10.1016629463571,11.1910974696429,11.89127232,12.2622507428571,12.4902678571429,7.55281201425773,13.07955357,6.85606033108212,2.04732944532515,0.29511754897261,0.98038049380528,0.12540647235436,0.2963172034868,0.1439243104261,7.66290167030164,0,0,0,0,0,0,0,0,0,0,0,0,0,0,0,0,NA,NA,NA,5.04626974743299,Ninilchik,2006,27.109829736242,-0.07152682413037,196,243
80,Ninilchik_2007,15.84177083,12.4400173616667,9.05035286816909,6.92299615994933,2.00872242960567,0.93760482862801,7.51196850462435,13.39044643,597.12083336,10.963677084,11.4401934519048,13.1600446428571,13.2862202392857,13.3881651798571,7.55758479417458,14.2808035728571,7.80865597193938,2.38376713959875,0.30830099879815,0.88808882254704,0.12411118661432,0.2764187742958,0.1361238147529,8.11274803954107,0,0,0,0,0,0,0,0,0,0,0,0,0,0,0,0,NA,NA,NA,4.91427373034366,Ninilchik,2007,21.3098623653933,-0.04040931664567,196,243
81,Ninilchik_2008,13.66,11.1254166666667,8.50801988356121,6.82888369161223,2.03248442287329,0.90248047399045,7.36373358061122,12.13,534.02,10.492,10.565,10.9028571428571,11.6311904761905,12.1017142857143,7.42355272102122,12.5614285714286,7.60553940957075,1.17792322695035,0.27051138791808,0.84601737619373,0.09755335448487,0.25589720978248,0.13469141814531,7.60553940957075,0,0,0,0,0,0,0,0,0,0,0,0,0,0,0,0,NA,NA,NA,4.79639926873894,Ninilchik,2008,15.0469657331018,-0.01786582718193,196,243
82,Ninilchik_2009,15.08173958,11.7016766490625,9.37295308943167,7.02666673897106,1.93018745056611,0.9819987417389,7.52423817638301,12.0783720257143,561.680479155,10.5011711306071,11.1404014132857,11.778706845,11.8362924092857,12.0205610128571,7.68101569978692,13.4734360114286,7.77902374144917,1.6346979478374,0.20578652323553,1.3479837822053,0.10926238234067,0.23502224867856,0.16523155015061,8.39095434769276,0,0,0,0,0,0,0,0,0,0,0,0,0,0,0,0,NA,NA,NA,5.09647928840495,Ninilchik,2009,22.2110659193661,-0.0478787666073,196,243
83,Ninilchik_2010,14.36,11.3475,8.25270948341863,6.77975778870407,2.00334918987912,0.99694426777952,7.13752882645972,11.8771428571429,544.68,10.4917857142857,11.1360714285714,11.21,11.6171428571429,11.84,7.35490862723249,12.9842857142857,7.21331587753639,1.00106595744681,0.2497951880592,0.72897376884637,0.08817209400889,0.24947979544406,0.12593364447079,7.2557652156391,0,0,0,0,0,0,0,0,0,0,0,0,0,0,0,0,NA,NA,NA,4.77640859882495,Ninilchik,2010,18.2503603994789,-0.03144811115935,196,243
84,Ninilchik_2011,15.65377083,12.3733778211875,8.95002254513861,6.80470259157491,2.08161339898946,1.07736803862188,7.30944706573404,14.3541711314286,593.922135417,10.6905487353571,11.9222805064286,12.3129255942857,13.2553028271429,14.1574386164286,7.34850800354919,14.54008631,7.73060792564717,2.92375980918433,0.23149176299624,0.90350173597808,0.13819189479367,0.23113605499618,0.13968679313327,7.87265450651673,0,0,0,0,0,0,0,0,0,0,0,0,0,0,0,0,NA,NA,NA,4.72308919258545,Ninilchik,2011,34.4140710637093,-0.10041318105932,196,243
85,Ninilchik_2012,14.6,12.116976744186,9.06073047775879,7.01279617509339,1.96974738540178,0.71297131810343,7.73913004286006,13.0071428571429,521.03,10.9482857142857,11.4957142857143,12.4528571428571,12.5985714285714,12.9254285714286,7.96500896491314,13.5042857142857,7.38338797407625,1.66545968992248,0.28460549256428,1.10177387952941,0.1065056846469,0.27083894033036,0.14967698264554,8.34775915965536,0,0,0,0,0,0,0,0,0,0,0,0,0,0,0,0,NA,NA,NA,5.04304878969161,Ninilchik,2012,21.3660827544549,-0.04166263968589,196,243
86,Ninilchik_2013,17.5,13.4260416666667,8.66135842919965,7.09962548277557,1.95090265262081,0.92883866711108,8.05052752326363,16.2585714285714,644.45,11.0775714285714,11.4657142857143,12.2428571428571,15.9534523809524,16.2045,7.79237471160205,16.6185714285714,7.20774662550297,5.77693506205674,0.19713447732486,0.76494111407347,0.17901966999092,0.22758607902653,0.12319088138624,7.73251976208857,0,0,0,0,0,0,0,0,0,0,0,0,0,0,0,0,NA,NA,NA,5.14872283015476,Ninilchik,2013,45.7745324938487,-0.14737353452019,196,243
87,Ninilchik_2014,15.17439583,12.8709678820833,9.28470874393277,7.0959661941791,1.91506503958145,0.89392698189634,7.55309531184598,14.05942262,617.80645834,11.2164456835714,12.4474512653571,12.7378742564286,13.4580215771429,13.9661882446429,7.67309595225704,14.8194211328571,7.4594522728771,1.95256818678041,0.22495704698463,1.02893365121315,0.10856551527322,0.24766593332737,0.14294933774595,8.39078176203643,0,0,0,0,0,0,0,0,0,0,0,0,0,0,0,0,NA,NA,NA,5.18090115459765,Ninilchik,2014,31.268356448144,-0.08381498207772,196,243
88,Ninilchik_2015,15.39628125,13.1323444008125,8.6463161853799,6.90255851601625,2.02139091871593,1.39053000888921,7.44943329550674,15.09576488,630.352531239,11.8151688985357,12.3213649560714,13.7249657735714,14.1244840028571,14.8599925589286,7.54930932068272,15.0959672614286,7.04327409090499,2.53896413559684,0.18923118704055,0.58322334663021,0.1213349790191,0.21520187285647,0.11063877364613,7.25578617649069,0,0,0,0,0,0,0,0,0,0,0,0,0,0,0,0,NA,NA,NA,4.88116759730032,Ninilchik,2015,26.3975720831029,-0.06043383909927,196,243
89,Rabbit_2008,7.915208333,6.87690692209677,9.57344896740013,7.07955806849065,1.97754279121867,1.17666174248911,8.15837525697124,7.46325892857143,426.36822917,6.13342708341429,6.48025297628571,7.121845238,7.25148809528571,7.41652678577143,8.15837525697124,7.54882440471429,7.49871368523767,0.35442585718692,0.20067544323454,1.00975098677,0.08657042566128,0.22652765313874,0.1419387560694,8.39678722491103,0,0,0,0,0,0,0,0,0,0,0,0,0,0,0,0,NA,NA,NA,5.10201527727197,Rabbit,2008,1.38341222377829,0.02585173975679,182,243
90,Rabbit_2009,11.66370833,9.66710013427419,9.18084691563033,7.03384127668576,2.02795520091144,1.12031275722885,7.36028963061232,11.0896681557143,599.360208325,8.60768906251429,9.09949627946429,9.46868749992857,10.4744073649643,11.0481889887143,7.50611467377707,11.3416205357143,7.12608537384165,0.97638092517091,0.2951670472366,0.91749807834018,0.10221471593372,0.26790176725706,0.13617896143171,8.06053415840148,0,0,0,0,0,0,0,0,0,0,0,0,0,0,0,0,NA,NA,NA,5.00588607577432,Rabbit,2009,17.0047676277298,-0.0345301999692,182,243
91,Rabbit_2010,10.20323958,8.41073958333871,8.67230873524118,6.98419413282797,2.02406516987675,1.03508081880501,7.48849270209839,9.20201339242857,521.465854167,7.96533400302143,8.27176078878571,8.54608556564286,8.69337760428571,9.05134828837857,7.51509826139566,9.36232589242857,7.45118652965034,0.43911730527247,0.24981580747208,0.8646455525908,0.07878727682479,0.24693660113875,0.13313822218717,7.63722791643617,0,0,0,0,0,0,0,0,0,0,0,0,0,0,0,0,NA,NA,NA,4.96012896295122,Rabbit,2010,7.06720200992928,0.00632252975722,182,243
92,Resurrection_2008,7.88,6.97,8.92811829124929,7.09659563833292,1.94150539896266,0.77713814843701,7.55760408956925,7.47142857142857,313.65,6.26964285714286,6.95142857142857,7.17857142857143,7.38107142857143,7.4525,7.70859181513413,7.50857142857143,7.38886829120545,0.4037409090909,0.28123749139796,1.1428951566646,0.09116299824619,0.27314798754565,0.15064445000327,8.15098014281228,0,0,0,0,0,0,0,0,0,0,0,0,0,0,0,0,NA,NA,NA,5.15509023937026,Resurrection,2008,-1.13158629776019,0.03665876152832,196,243
93,Resurrection_2009,11.55733333,9.62769509541667,8.97313952665039,6.77129694937601,1.97364880870417,0.89196303424751,7.12662558128405,10.1041056548571,462.12936458,8.89630096728571,9.11213392860714,9.53521279707143,9.96840327385714,10.0799393602857,7.20643935861092,10.461891369,7.02858195436545,0.54030444997891,0.33059369526358,0.7245414198291,0.07634787333134,0.29132476624511,0.12570708307659,8.08117649240288,0,0,0,0,0,0,0,0,0,0,0,0,0,0,0,0,NA,NA,NA,4.79764814067184,Resurrection,2009,16.1274005441647,-0.02961141434509,196,243
94,Resurrection_2010,9.379760417,8.21816493052083,9.86159181140889,6.89087881666491,1.93081122795554,0.86066893955757,7.26117649413911,8.71283333328571,394.471916665,7.76779092267857,7.95971354157143,8.32529836292857,8.43866108625,8.65273846721428,7.690092120285,8.84700148814286,8.19123422021232,0.2811995373125,0.20401826333857,1.37260085092583,0.0645256588984,0.23393473297069,0.17001902426266,9.00092287185132,0,0,0,0,0,0,0,0,0,0,0,0,0,0,0,0,NA,NA,NA,4.96006758870938,Resurrection,2010,5.37693590530636,0.01294409578685,196,243
95,Resurrection_2011,10.32813542,8.52989431427083,9.22028587957479,7.02041690039589,1.99628066393091,1.17378999366045,7.52138807568044,9.40942261942857,409.434927085,7.87561086310714,8.13390736610714,8.54386532728571,9.06887239575,9.34419605682143,7.65340674409217,9.47973958371429,7.12274332406982,0.61265611003848,0.17827469027447,0.86670828213544,0.09176239376218,0.21150626939531,0.13260917411081,8.04649588591434,0,0,0,0,0,0,0,0,0,0,0,0,0,0,0,0,NA,NA,NA,5.02413623646498,Resurrection,2011,18.2362927957243,-0.04422049422074,196,243
96,Resurrection_2012,9.330885417,7.7197007379375,9.00118684177239,7.02777906815043,2.03973800795165,0.95905416269973,7.43576843363364,8.643511905,370.545635421,7.3176930805,7.39145498525,7.55104315478571,7.95971279767857,8.49846279782143,7.48614307886779,8.78218154785714,7.80944836275483,0.51595708426477,0.33727816928728,1.4485025901995,0.09304784625519,0.28472114889541,0.17125432089204,8.04213267907266,0,0,0,0,0,0,0,0,0,0,0,0,0,0,0,0,NA,NA,NA,4.98804106019878,Resurrection,2012,2.53330523505228,0.02362822552567,196,243
97,Russian_2015,13.91,12.3774193548387,9.08197826376696,7.06525096084996,2.07579112591607,1.07652104873878,7.2896138656736,13.5,383.7,11.6913571428571,12.1139285714286,12.5485714285714,12.9803571428571,13.3960714285714,7.61602573706009,13.5,7.33719193601755,1.14005311827957,0.26784815839177,1.05579993646263,0.08626456527139,0.24932204553452,0.14543308710378,8.00545721502818,0,0,0,0,0,0,0,0,0,0,0,0,0,0,0,0,NA,NA,NA,4.98945983493389,Russian,2015,36.4787296203085,-0.10593062698325,213,250
98,Ship_2008,9.543541667,8.57654401872581,9.21343825488099,7.17526685193269,2.00499508988901,1.15444408239535,7.70734922265215,9.15894345242857,531.745729161,8.0393482142,8.49324404742857,8.54157738085714,8.71418154757143,9.06118154757143,8.08484979157833,9.15894345242857,7.52732169000336,0.32292479105159,0.21127455047554,0.86153911667275,0.06625800764593,0.22925049378415,0.12935983202403,8.05899417248564,0,0,0,0,0,0,0,0,0,0,0,0,0,0,0,0,NA,NA,NA,5.17027176204368,Ship,2008,5.58614125582669,0.01407248359011,182,243
99,Ship_2009,13.21057292,10.6515522512903,9.47047234518052,6.99745284810112,1.95791963351684,0.86686620176945,7.66989274342608,12.5469166657143,660.39623958,9.40200825883572,9.82025781289286,10.4276778269286,11.18703571575,12.3960145827143,7.89121804193692,12.6339315457143,7.94331833091676,1.32291934364408,0.25404233808345,1.11468934466544,0.10798260025749,0.25742942649205,0.15088183046091,8.60360614341107,0,0,0,0,0,0,0,0,0,0,0,0,0,0,0,0,NA,NA,NA,5.03953321458428,Ship,2009,20.5707401481401,-0.04667853127929,182,243
100,Ship_2010,10.936875,9.5972683131129,8.86697887622022,6.7879177946988,1.98221284607796,1.07440835212536,7.40607842600449,10.2192678575714,595.030635413,9.15889486636429,9.53638913735714,9.71099851142857,9.83516927028571,10.1331235864214,7.40607842600449,10.3703616081429,7.06068559644403,0.37978349327936,0.20481707694257,0.83043297560858,0.06421262228279,0.22831413286205,0.1342504403752,7.79257052409486,0,0,0,0,0,0,0,0,0,0,0,0,0,0,0,0,NA,NA,NA,4.80570494862083,Ship,2010,8.3075055156012,0.00606947198829,182,243
101,Ship_2011,11.60090625,9.76999949633871,8.90728580973217,6.96949684336694,2.02023904142965,1.20428714132182,7.65437093450843,10.8046041671429,605.739968773,8.88850691957857,9.24748809485714,10.1338943462143,10.37376079,10.6575359376429,7.79397967092841,10.88234375,7.24111766523883,0.85661828303326,0.26413104890935,1.01120942382159,0.0947325283243,0.25439406108982,0.14428431715095,7.70299866841035,0,0,0,0,0,0,0,0,0,0,0,0,0,0,0,0,NA,NA,NA,4.94925780193729,Ship,2011,16.897675742512,-0.03354200586434,182,243
102,Stariski_2003,17.35,14.2385454545455,9.01702533763658,7.0646221420259,1.96337365856969,0.89516749702516,7.52787116744938,15.6657142857143,783.12,11.8655714285714,13.9478571428571,15.1271428571429,15.2921428571429,15.5748571428571,7.71229522212664,16.0928571428571,7.79883861769295,3.11833117845118,0.27907821376208,0.98493986488908,0.1240210753015,0.26906673405856,0.14048045967901,8.12185784061141,0,0,0,0,0,0,0,0,0,0,0,0,0,0,0,0,NA,NA,NA,5.10124848345621,Stariski,2003,26.5915613275613,-0.05910533910533,182,236
103,Stariski_2004,18.135,14.8956041667273,9.99591977718555,7.12825237647539,1.98133872892435,0.49646803337333,7.96173313415537,16.4278273814286,819.25822917,13.0396220234286,14.3834895835714,15.4554166685714,15.9518229164286,16.4258005955714,7.99683650330731,17.6922470228571,8.00896231379797,2.36341467930953,0.26210102725793,1.06412358992524,0.10320763858208,0.25838995888882,0.14471480639065,9.49945174381221,0,0,0,0,0,0,0,0,0,0,0,0,0,0,0,0,NA,NA,NA,5.14691364755104,Stariski,2004,16.0614605611638,-0.00557826026046,182,236
104,Stariski_2005,17.57,14.7085454545455,10.6243613529406,6.89944599766409,1.99177373495123,1.01524453047326,7.59875796796103,16.32,808.97,13.5008571428571,13.8514285714286,14.9971428571429,15.9192857142857,16.2291428571429,7.94957164094353,16.9428571428571,8.80428908021588,2.05417932659933,0.20945478792734,1.19955726769487,0.097442731629,0.22977625405467,0.15874361767791,9.60911682246734,0,0,0,0,0,0,0,0,0,0,0,0,0,0,0,0,NA,NA,NA,4.90767226271286,Stariski,2005,27.3705375180375,-0.06058369408369,182,236
105,Stariski_2006,14.83791667,12.4609753781091,9.58605704824963,6.90328485481303,2.04225559527849,0.74165966291724,7.84449029958001,13.82907738,685.353645796,11.4835372014286,12.2249553571429,12.6302827371429,13.338995535,13.719385416,7.99326483305158,13.82907738,7.27691567745392,1.85031195017414,0.2515799413651,1.26388786804712,0.10916173733832,0.24559974479527,0.16285401803555,8.84439738533238,0,0,0,0,0,0,0,0,0,0,0,0,0,0,0,0,NA,NA,NA,4.86102925953454,Stariski,2006,23.5924056058067,-0.05326043171147,182,236
106,Stariski_2007,15.93,12.6687272727273,9.78619308154351,7.07590446940486,2.13603086854201,0.89251205811704,7.53988306842071,13.6171428571429,696.78,11.31875,11.9414285714286,12.9642857142857,13.3489285714286,13.5431428571429,7.78460791988245,14.4614285714286,8.4925458430911,1.85260390572391,0.201185804169,1.09722736479503,0.10743809537979,0.20998638743768,0.14803566339131,8.89368102342647,0,0,0,0,0,0,0,0,0,0,0,0,0,0,0,0,NA,NA,NA,4.93987360086285,Stariski,2007,13.0816002886003,-0.00197546897546,182,236
107,Stariski_2008,13.37,11.3125454545455,9.69558359054329,6.82156714919003,1.98354778429632,0.94101557725585,7.82764102533062,11.9485714285714,622.19,10.6724285714286,11.0310714285714,11.2957142857143,11.7494047619048,11.8977380952381,7.82764102533062,12.2242857142857,7.66147909164233,0.95308599326599,0.27693651628156,1.26655962916653,0.08629898867629,0.26530622803786,0.16497899814912,8.75456801328744,0,0,0,0,0,0,0,0,0,0,0,0,0,0,0,0,NA,NA,NA,4.83801936489371,Stariski,2008,13.1169422799423,-0.00863347763347,182,236
108,Stariski_2009,16.86422917,12.6368863638909,9.56426550028866,7.02241329779732,1.89188664238037,0.25880954495011,7.65520929713154,15.8417470242857,695.028750014,11.1007922619714,11.6936205357143,11.94071131,13.501226935,15.556260864,7.74916401356066,15.92068006,7.80333589098767,3.2988302219833,0.28390095672241,1.30717711517367,0.14372751014901,0.28163609702641,0.16280990846369,9.30545595533855,0,0,0,0,0,0,0,0,0,0,0,0,0,0,0,0,NA,NA,NA,5.13052665541695,Stariski,2009,26.8867383999885,-0.06818111022056,182,236
109,Stariski_2010,14.02657292,11.204297348,10.0300351796627,7.00718711319869,1.9947499917687,0.30720991105967,7.39492391994683,12.81469643,616.23635414,10.3041235120286,10.7341101197857,10.9942886885714,11.5628645814286,12.4442575897143,7.42004761040641,12.8862514885714,9.16553083032424,0.89917289138511,0.24056744191532,0.97491445794572,0.08463246233849,0.24588382085044,0.14090926217649,9.72282526860302,0,0,0,0,0,0,0,0,0,0,0,0,0,0,0,0,NA,NA,NA,5.01243712142999,Stariski,2010,13.6575377341309,-0.01173799227813,182,236
110,Stariski_2011,15.07616667,12.5103814394545,9.30812167906499,7.03662900953044,2.03363698275225,1.14075624122356,7.63508788246584,13.9802008928571,688.07097917,11.7258723217143,12.1228348221429,12.6044747028571,13.2158087792857,13.8210687497143,7.79509222786616,14.0706994042857,7.88217224943016,1.94310471094984,0.27357115360473,1.05263114239824,0.11142369360892,0.25719452522589,0.14580534769529,8.16736543784143,0,0,0,0,0,0,0,0,0,0,0,0,0,0,0,0,NA,NA,NA,5.00299202677819,Stariski,2011,21.4795758509307,-0.04291480579653,182,236
111,Stariski_2012,14.29608333,11.7149825757455,9.64840655856471,7.17819837311298,1.94627415500464,0.92914337332716,7.59530722295663,12.6371369047143,644.324041666,10.5233758938286,11.1524620532857,12.22485119,12.4409002971429,12.6347226185857,8.04710280806424,13.1311577385714,8.1858956028622,1.86808354545908,0.21310789759662,1.17364093762975,0.11666927538956,0.23718966226596,0.15092186688365,8.71926318523754,0,0,0,0,0,0,0,0,0,0,0,0,0,0,0,0,NA,NA,NA,5.23192421810834,Stariski,2012,8.84999149384942,0.01370809130093,182,236
112,Stariski_2013,16.93,13.2647272727273,9.65179319248463,6.7070957075707,1.97071982814925,0.95983890643092,7.35554767926974,15.8971428571429,729.56,10.7899166666667,11.4432142857143,12.7221428571429,15.4775,15.8151428571429,7.36406405471233,16.3871428571429,7.93510006947042,4.97219205387205,0.19897497072344,1.17870698992074,0.16810306131353,0.22634678933349,0.16187076749726,8.6919542860537,0,0,0,0,0,0,0,0,0,0,0,0,0,0,0,0,NA,NA,NA,4.73637587942145,Stariski,2013,17.379886002886,-0.01968975468975,182,236
113,Stariski_2014,15.81054167,13.2778534089091,9.31387129333069,7.02965217959109,2.07677415599036,1.10285415319366,7.59688370901468,14.0451979157143,730.28193749,12.2292949402857,12.5122351185714,13.2368095228571,13.7751904764286,13.9897903268571,7.66821185252663,15.0110833342857,6.93319758382007,1.78104591342029,0.20540808152201,0.76634584359755,0.10051009605064,0.21823253250909,0.12453131269564,8.21101714013703,0,0,0,0,0,0,0,0,0,0,0,0,0,0,0,0,NA,NA,NA,4.95287802360073,Stariski,2014,23.2175141348297,-0.04755818529148,182,236
114,Stariski_2015,15.88,13.7463636363636,9.07948889020745,7.15616859250998,2.08643236813708,0.96405849649719,7.86532058325011,15.2528571428571,756.05,12.4932857142857,13.145,13.8657142857143,14.385,15.0364285714286,7.86532058325011,15.2557142857143,7.60018551642746,1.24989023569024,0.27445694243701,0.89110592670061,0.08132950132522,0.25109195540585,0.13191193849168,8.11543039371025,0,0,0,0,0,0,0,0,0,0,0,0,0,0,0,0,NA,NA,NA,5.0697362243729,Stariski,2015,16.259189033189,-0.01202308802308,182,236
115,Wasilla_2008,10.91,9.4396875,9.11245156225904,7.17961968505435,1.95723505123554,0.73229918948566,7.32865835772951,9.60857142857143,302.07,9.0825,9.24107142857143,9.36071428571429,9.46285714285714,9.57942857142857,7.66395482177045,9.97285714285714,8.03905570246963,0.41026764112903,0.26733993659951,0.94010655847888,0.06785408756989,0.26417330868286,0.13504767185424,8.38015237277337,0,0,0,0,0,0,0,0,0,0,0,0,0,0,0,0,NA,NA,NA,5.2223846338188,Wasilla,2008,26.2025198307774,-0.07339767318878,213,273
116,Wasilla_2009,10.65965625,9.55092741951613,9.25269618488441,7.15388851531244,2.02279490851631,1.13118759448142,7.44225963967766,10.2355223228571,296.078750005,8.93078005974286,9.30332291642857,9.585331845,9.84296651817857,10.1570111619214,7.62689637143087,10.3408080371429,7.48870834317377,0.39870531136417,0.17584343475358,1.05076488416681,0.06611202593094,0.20730569228948,0.14328825948485,8.12150859040299,0,0,0,0,0,0,0,0,0,0,0,0,0,0,0,0,NA,NA,NA,5.13109360679612,Wasilla,2009,30.355138445587,-0.09087531674949,213,273
117,Wasilla_2010,11.36622917,10.1347224462903,8.95174970574563,7.17986874790102,2.00333919394969,1.25476047916524,7.85088099310271,10.7397113085714,314.176395835,9.87307574427143,10.0040096733571,10.0951145838571,10.2836755950714,10.6485041658714,7.85088099310271,10.7397113085714,6.73353284290456,0.33012923293833,0.11203718095186,0.90762643975101,0.05669309046432,0.16708082020597,0.13268965477794,7.69698922658038,0,0,0,0,0,0,0,0,0,0,0,0,0,0,0,0,NA,NA,NA,5.17652955395133,Wasilla,2010,35.7405119796276,-0.11193621761285,213,273
118,Wasilla_2011,10.13109375,9.24725470470968,9.38320866135977,6.81509669193834,2.01920877844216,1.21141831994558,6.96266139425654,9.585003473,286.664895846,9.11186383977143,9.19364062514286,9.40549255978571,9.58370399364286,9.58474357712857,7.43090396326827,9.75272916771429,7.24171144827768,0.30106131587127,0.21635948806387,1.50906896673425,0.05933550703093,0.23035982871513,0.18025300854813,8.17179034141419,0,0,0,0,0,0,0,0,0,0,0,0,0,0,0,0,NA,NA,NA,4.79588791349618,Wasilla,2011,27.6327220888383,-0.08080952429725,213,273
119,Wasilla_2012,11.15938542,9.478201497375,8.30221277747088,6.77199763782488,1.93669469611621,0.90621035688549,7.10500053682522,10.3158422618571,303.302447916,8.85482110609643,8.98988330848214,9.43978050592857,9.95401190475,10.2434761904357,7.21659111610577,10.6256607142857,7.14264609208732,0.5897894454843,0.27796684944322,0.97577941308214,0.08102565697233,0.27222959631752,0.14586766387831,7.39600242058539,0,0,0,0,0,0,0,0,0,0,0,0,0,0,0,0,NA,NA,NA,4.83530294170867,Wasilla,2012,26.3387644463784,-0.07473362032956,213,273
120,Willow_2008,12.1,10.06375,8.47727489514058,6.90015602257104,1.97697011906931,1.19309758369158,7.07513945839777,10.4916666666667,322.04,9.35492857142857,9.85464285714286,10.2407142857143,10.4368452380952,10.4807023809524,7.33070884903014,10.8957142857143,7.284177311449,0.84437903225806,0.22318635487353,0.84540340919181,0.09130801058677,0.23896467961578,0.13325180068761,7.284177311449,0,0,0,0,0,0,0,0,0,0,0,0,0,0,0,0,NA,NA,NA,4.92318590350173,Willow,2008,8.25654142228741,0.00854472140762,196,227
121,Willow_2009,15.64,13.0940625,8.81668024231221,6.98934153661098,2.00389712501646,0.96348463592921,7.48231180880505,13.1271428571429,419.01,12.4602142857143,12.6153571428571,12.8964285714286,13.1164285714286,13.125,7.80675326178469,14.33,7.1498752116265,1.27386360887097,0.22554293492959,1.23590828052773,0.08619598878799,0.23699500434935,0.15905849103837,7.85319560638299,0,0,0,0,0,0,0,0,0,0,0,0,0,0,0,0,NA,NA,NA,4.98544441159452,Willow,2009,25.0711803519061,-0.05662939882697,196,227
122,Willow_2010,12.78,10.6141176470588,8.60456296086101,6.93532017762942,1.87634587376738,0.70896103939753,7.34438936085182,11.1214285714286,180.44,9.49557142857143,9.83785714285714,10.2657142857143,10.6935714285714,11.0358571428571,7.34438936085182,11.7342857142857,7.5753570923789,1.53120073529412,0.31745764666858,1.06014791492154,0.11658217876565,0.30028248394854,0.14846248176834,7.89560192146347,0,0,0,0,0,0,0,0,0,0,0,0,0,0,0,0,NA,NA,NA,5.05897430386204,Willow,2010,55.5491176470588,-0.22026960784313,196,227
123,Willow_2011,14.1469375,11.223201171875,8.49875892261331,6.98565514027515,2.04921356165844,1.25727837635689,7.52370924644302,12.3092410714286,359.1424375,9.47217477648571,10.4759453127143,11.5563191966429,12.2411517857143,12.2956232142857,7.56468968668611,12.4503452385714,6.60441822660576,2.54503651585525,0.20856137488516,0.85945141038103,0.14214456585655,0.22285876485208,0.13270996120617,7.24148054625642,0,0,0,0,0,0,0,0,0,0,0,0,0,0,0,0,NA,NA,NA,4.93644157861671,Willow,2011,35.3896572495716,-0.11426220367705,196,227
